categoryCorrect,categoryValueValid,confidence,confidenceValid,datasetKey,datasetType,detectedForbiddenClaims,errorMessage,errorType,evalCount,evalDurationMs,executedAt,expectedCategory,extraTextDetected,forbiddenClaimCount,generatedCategory,generatedKeywords,generatedSummary,generatedTags,idAutoAssigned,input,jsonValid,keywordCountValid,keywordDuplicateCount,keywordDuplicateFree,loadDurationMs,model,outputConstraintValid,possibleHallucination,promptEvalCount,promptEvalDurationMs,promptVersion,requestFailed,requiredFieldsPresent,requiredKeywordMatchedCount,requiredKeywordRecall,requiredKeywordTotalCount,responseReceived,runNumber,runType,schemaValid,sourceKeywordRatio,sourcePath,summaryPointMatchedCount,summaryPointRecall,summaryPointTotalCount,summarySentenceCountValid,tagCountValid,tagDuplicateCount,tagDuplicateFree,testId,testMode,thinkingTagDetected,title,tokensPerSecond,totalDurationMs
True,True,0.95,True,memo:TEXT-001,memo,,,,22,450.353,2026-07-21T10:15:52.214256+09:00,개발·IT,False,,개발·IT,,,,False,"Spring Boot에서 사용자가 업로드한 이미지 파일을 AWS S3에 저장하는 기능을 구현해야 한다. 파일 이름이 중복되지 않도록 UUID를 붙이고, 업로드가 완료되면 이미지 URL과 파일 크기, 확장자를 데이터베이스에 저장한다.",True,,,,499.3607,qwen3:4b,True,,1159,52.674,v1,False,True,,,0,True,1,WARM,True,,개발·IT/001-텍스트-2026.07.20-0905.txt,,,0,,,,,TEXT-001,category-only,False,텍스트-2026.07.20-0905,48.850568331952935,1021.2115
True,True,0.95,True,memo:TEXT-002,memo,,,,18,433.115,2026-07-21T10:15:55.301119+09:00,개발·IT,False,,개발·IT,,,,False,"액세스 토큰이 만료되면 리프레시 토큰을 이용해 새로운 토큰을 발급하는 구조를 다시 확인해야 한다. 리프레시 토큰은 HttpOnly 쿠키에 저장하고, 재발급 과정에서 토큰 탈취와 중복 사용을 방지할 방법도 찾아본다.",True,,,,460.8973,qwen3:4b,True,,1194,89.848,v1,False,True,,,0,True,1,WARM,True,,개발·IT/002-JWT 재발급 구조 정리.txt,,,0,,,,,TEXT-002,category-only,False,JWT 재발급 구조 정리,41.559401082853284,1003.5527
True,True,0.95,True,memo:TEXT-017,memo,,,,23,627.958,2026-07-21T10:15:58.716077+09:00,건강·운동,False,,건강·운동,,,,False,"오래 앉아서 작업한 뒤 허리가 뻐근할 때 할 수 있는 스트레칭을 정리한다. 고양이 자세, 무릎 당기기, 골반 기울이기를 각각 30초씩 진행하고 통증이 심하면 운동을 중단한다.",True,,,,447.8915,qwen3:4b,True,,1164,271.271,v1,False,True,,,0,True,1,WARM,True,,건강·운동/017-텍스트-2026.07.20-1220.txt,,,0,,,,,TEXT-017,category-only,False,텍스트-2026.07.20-1220,36.626653374907235,1361.6183
True,True,0.95,True,memo:TEXT-018,memo,,,,23,611.813,2026-07-21T10:16:02.058471+09:00,건강·운동,False,,건강·운동,,,,False,"월요일에는 상체 운동, 수요일에는 하체 운동, 토요일에는 가벼운 유산소 운동을 한다. 무리하게 중량을 올리기보다 운동 기록을 남기면서 매주 반복 횟수를 조금씩 늘린다.",True,,,,420.8946,qwen3:4b,True,,1172,223.625,v1,False,True,,,0,True,1,WARM,True,,건강·운동/018-주 3회 운동 계획.txt,,,0,,,,,TEXT-018,category-only,False,주 3회 운동 계획,37.593186153285394,1274.7151
False,True,0.9,True,memo:TEXT-021,memo,,,,25,628.861,2026-07-21T10:16:05.417934+09:00,기타,False,,업무·프로젝트,,,,False,결과를 너무 빨리 정하려 하지 말고 충분한 데이터를 확인한 다음 판단할 것. 지금 당장 필요하지 않더라도 다음 회의 전에 다시 읽어본다.,True,,,,456.1032,qwen3:4b,True,,1136,221.063,v1,False,True,,,0,True,1,WARM,True,,기타/021-텍스트-2026.07.20-1310.txt,,,0,,,,,TEXT-021,category-only,False,텍스트-2026.07.20-1310,39.75441313740238,1327.9125
True,True,0.8,True,memo:TEXT-022,memo,,,,20,427.91,2026-07-21T10:16:08.816123+09:00,기타,False,,기타,,,,False,사람들이 자주 저장하지만 다시 찾지 않는 정보를 활용할 새로운 방법이 필요하다. 아직 구체적인 기능이나 대상 사용자는 정하지 않았으므로 생각나는 내용을 계속 추가해본다.,True,,,,478.73,qwen3:4b,True,,1138,412.617,v1,False,True,,,0,True,1,WARM,True,,기타/022-텍스트-2026.07.20-1325.txt,,,0,,,,,TEXT-022,category-only,False,텍스트-2026.07.20-1325,46.73880021499848,1338.2436
True,True,0.95,True,memo:TEXT-019,memo,,,,24,658.015,2026-07-21T10:16:12.252170+09:00,문화·콘텐츠,False,,문화·콘텐츠,,,,False,주말에 친구들과 함께 볼 수 있는 두 시간 이내의 코미디 영화를 찾고 있다. 너무 무겁거나 잔인한 작품은 제외하고 넷플릭스나 디즈니플러스에서 볼 수 있는 영화를 우선 확인한다.,True,,,,480.2384,qwen3:4b,True,,1153,205.698,v1,False,True,,,0,True,1,WARM,True,,문화·콘텐츠/019-텍스트-2026.07.20-1245.txt,,,0,,,,,TEXT-019,category-only,False,텍스트-2026.07.20-1245,36.473332674787045,1361.6585
True,True,0.95,True,memo:TEXT-020,memo,,,,24,524.658,2026-07-21T10:16:15.720704+09:00,문화·콘텐츠,False,,문화·콘텐츠,,,,False,"개발자의 성장 과정이나 협업 경험을 다룬 에세이를 읽어보고 싶다. 기술 사용법을 설명하는 책보다는 실패 경험, 커리어 고민, 팀에서 소통하는 방법을 다룬 책을 찾아둔다.",True,,,,609.3514,qwen3:4b,True,,1167,264.589,v1,False,True,,,0,True,1,WARM,True,,문화·콘텐츠/020-읽어볼 개발 에세이.txt,,,0,,,,,TEXT-020,category-only,False,읽어볼 개발 에세이,45.7440847180449,1415.7749
False,True,0.9,True,memo:TEXT-009,memo,,,,25,553.885,2026-07-21T10:16:19.174568+09:00,생활·할 일,False,,업무·프로젝트,,,,False,오전에는 병원 예약 시간을 확인하고 오후에는 택배를 보내야 한다. 저녁에는 프로젝트 회의 전에 Jira 백로그를 정리하고 세탁기도 돌린다.,True,,,,496.6392,qwen3:4b,True,,1139,347.798,v1,False,True,,,0,True,1,WARM,True,,생활·할 일/009-텍스트-2026.07.20-1035.txt,,,0,,,,,TEXT-009,category-only,False,텍스트-2026.07.20-1035,45.1357231194201,1412.7971
True,True,0.95,True,memo:TEXT-010,memo,,,,23,489.384,2026-07-21T10:16:22.674658+09:00,생활·할 일,False,,생활·할 일,,,,False,책상 위에 쌓여 있는 서류를 분류하고 사용하지 않는 전자기기를 박스에 정리한다. 겨울옷은 옷장 위쪽으로 옮기고 필요한 생필품 목록도 함께 작성해야 한다.,True,,,,533.6397,qwen3:4b,True,,1159,377.012,v1,False,True,,,0,True,1,WARM,True,,생활·할 일/010-주말 방 정리 계획.txt,,,0,,,,,TEXT-010,category-only,False,주말 방 정리 계획,46.99785853235905,1415.63
True,True,0.95,True,memo:TEXT-023,memo,,,,23,507.302,2026-07-21T10:16:26.198105+09:00,생활·할 일,False,,생활·할 일,,,,True,"기숙사 -
살 것
면도크림
바디워시

아침)
충전기 ㅇ
버즈 
슬리퍼 ㅇ
배게 
헤어드라이기 ㅇ
남은 옷 ㅇ
이불

공통)
신분증, 카드 ㅇ
청소도구 ㅇ
건조대 ㅇ
운동화, 런닝화 ㅇ
우산 ㅇ
필기 도구 ㅇ
손톱, 발톱 깎이 ㅇ
빨래바구니 ㅇ
휴지 ㅇ

식류)
비타민 ㅇ
후리가케 ㅇ

기계류)
노트북(+충전기, 받침대, 인터넷 선) ㅇ
모니터(+hdml 선) ㅇ
인터넷 선, 어댑터 ㅇ
키보드, 마우스 ㅇ
무선 키보드 ㅇ

세면류)
샴푸, 린스, 바디워시 ㅇ
바디타올 ㅇ
폼클렌징 ㅇ
수분크림 ㅇ
양치도구, 혀클리너 ㅇ
면도기, 크림 

의류)
모자 1
옷걸이 5
이불 1
수건 8
팬티 6
잠옷 디티5, 바지1, 잠바1
긴바지 5
반바지 1
반팔티 검2, 흰3
반팔 2
긴팔 검흰 1
잠바(후드티, 점퍼) 2
양말 검5, 흰",True,,,,455.3336,qwen3:4b,True,,1470,478.128,v1,False,True,,,0,True,1,WARM,True,,생활·할 일/기숙사 준비물.txt,,,0,,,,,TEXT-023,category-only,False,기숙사 준비물,45.33788551986785,1457.0646
True,True,0.95,True,memo:TEXT-011,memo,,,,24,635.663,2026-07-21T10:16:29.567699+09:00,쇼핑·제품,False,,쇼핑·제품,,,,False,"RAM 32GB 이상이고 SSD를 추가할 수 있는 개발용 노트북을 찾아봐야 한다. Docker와 로컬 LLM을 실행할 예정이라 GPU 성능과 발열, 배터리 시간도 비교하고 가격은 200만 원 이하로 확인한다.",True,,,,463.1728,qwen3:4b,True,,1155,207.615,v1,False,True,,,0,True,1,WARM,True,,쇼핑·제품/011-텍스트-2026.07.20-1100.txt,,,0,,,,,TEXT-011,category-only,False,텍스트-2026.07.20-1100,37.755854910542226,1320.1144
True,True,0.95,True,memo:TEXT-012,memo,,,,24,592.53,2026-07-21T10:16:33.002117+09:00,쇼핑·제품,False,,쇼핑·제품,,,,False,"사무실에서 사용할 저소음 무선 키보드를 찾는 중이다. 블루투스와 USB 리시버를 모두 지원하고 숫자 키패드가 있으며, 여러 기기를 빠르게 전환할 수 있는 제품을 우선 비교한다.",True,,,,459.1673,qwen3:4b,True,,1169,304.126,v1,False,True,,,0,True,1,WARM,True,,쇼핑·제품/012-무선 키보드 구매 후보.txt,,,0,,,,,TEXT-012,category-only,False,무선 키보드 구매 후보,40.50427826439168,1377.6027
True,True,0.95,True,memo:TEXT-005,memo,,,,26,615.994,2026-07-21T10:16:36.403111+09:00,업무·프로젝트,False,,업무·프로젝트,,,,False,"팀 회의에서 URL 미리보기 생성과 본문 추출을 별도의 처리 과정으로 나누기로 했다. 미리보기는 Open Graph와 oEmbed를 사용하고, 본문은 Jsoup과 Readability를 우선 적용한 뒤 실패하면 Playwright를 실행하는 방향을 검토한다.",True,,,,499.7256,qwen3:4b,True,,1165,227.32,v1,False,True,,,0,True,1,WARM,True,,업무·프로젝트/005-텍스트-2026.07.20-0940.txt,,,0,,,,,TEXT-005,category-only,False,텍스트-2026.07.20-0940,42.20820332665578,1359.8509
True,True,0.95,True,memo:TEXT-006,memo,,,,26,611.821,2026-07-21T10:16:39.803713+09:00,업무·프로젝트,False,,업무·프로젝트,,,,False,"이미지 업로드, S3 저장, OCR 처리, AI 카테고리 분류 작업을 각각 스토리와 하위 작업으로 나눠 Jira에 등록해야 한다. 담당자를 나누고 각 작업에 우선순위와 스토리 점수를 설정한다.",True,,,,497.4634,qwen3:4b,True,,1176,227.582,v1,False,True,,,0,True,1,WARM,True,,업무·프로젝트/006-1주차 백로그 정리.txt,,,0,,,,,TEXT-006,category-only,False,1주차 백로그 정리,42.4960895425296,1353.0039
True,True,0.95,True,memo:TEXT-015,memo,,,,24,641.476,2026-07-21T10:16:43.357012+09:00,여행·장소,False,,여행·장소,,,,False,"첫날에는 제주공항에서 렌터카를 받아 애월 카페와 협재해수욕장을 방문한다. 둘째 날은 성산일출봉과 우도를 둘러보고, 마지막 날에는 동문시장에서 기념품을 산 뒤 공항으로 이동한다.",True,,,,512.9147,qwen3:4b,True,,1167,347.869,v1,False,True,,,0,True,1,WARM,True,,여행·장소/015-텍스트-2026.07.20-1150.txt,,,0,,,,,TEXT-015,category-only,False,텍스트-2026.07.20-1150,37.41371462065611,1517.0571
False,True,0.95,True,memo:TEXT-016,memo,,,,24,642.674,2026-07-21T10:16:46.951733+09:00,여행·장소,False,,문화·콘텐츠,,,,False,"다음 주 토요일에 서울에서 열리는 미디어아트 전시회를 찾아보고 있다. 지하철로 이동하기 편하고 관람 시간이 두 시간 이내이며, 주변에 식사할 곳이 많은 전시장을 우선 확인한다.",True,,,,533.3879,qwen3:4b,True,,1168,345.887,v1,False,True,,,0,True,1,WARM,True,,여행·장소/016-서울 전시회 방문 후보.txt,,,0,,,,,TEXT-016,category-only,False,서울 전시회 방문 후보,37.34397221608467,1539.818
True,True,0.95,True,memo:TEXT-013,memo,,,,24,601.055,2026-07-21T10:16:50.386812+09:00,음식·맛집,False,,음식·맛집,,,,False,"광주 상무지구에서 주말 저녁에 방문할 수 있는 파스타 맛집을 찾아둔다. 크림 파스타와 스테이크 메뉴가 있고, 6명이 함께 앉을 수 있으며 예약 가능한 곳이면 좋겠다.",True,,,,428.4133,qwen3:4b,True,,1150,320.888,v1,False,True,,,0,True,1,WARM,True,,음식·맛집/013-텍스트-2026.07.20-1125.txt,,,0,,,,,TEXT-013,category-only,False,텍스트-2026.07.20-1125,39.92979011904069,1371.1024
True,True,0.95,True,memo:TEXT-014,memo,,,,24,524.489,2026-07-21T10:16:53.710434+09:00,음식·맛집,False,,음식·맛집,,,,False,"냉동 닭가슴살과 남은 채소를 활용해 볶음밥을 만드는 방법이다. 닭가슴살을 먼저 잘게 썰어 볶고 양파, 대파, 당근을 넣은 뒤 밥과 간장을 넣어 마무리한다.",True,,,,463.542,qwen3:4b,True,,1181,258.059,v1,False,True,,,0,True,1,WARM,True,,음식·맛집/014-닭가슴살 볶음밥 레시피.txt,,,0,,,,,TEXT-014,category-only,False,닭가슴살 볶음밥 레시피,45.75882430327424,1264.3095
True,True,0.95,True,memo:TEXT-007,memo,,,,25,680.926,2026-07-21T10:16:57.185725+09:00,취업·커리어,False,,취업·커리어,,,,False,"Spring의 의존성 주입, 트랜잭션 전파, JPA 영속성 컨텍스트와 관련된 면접 질문을 정리해야 한다. 단순히 정의만 외우지 말고 프로젝트에서 실제로 사용한 경험과 함께 답변을 준비한다.",True,,,,472.223,qwen3:4b,True,,1155,227.445,v1,False,True,,,0,True,1,WARM,True,,취업·커리어/007-텍스트-2026.07.20-1010.txt,,,0,,,,,TEXT-007,category-only,False,텍스트-2026.07.20-1010,36.71470908733107,1398.9997
True,True,0.95,True,memo:TEXT-008,memo,,,,25,641.602,2026-07-21T10:17:00.635118+09:00,취업·커리어,False,,취업·커리어,,,,False,"이번 주에 올라온 전산직 공기업 채용 공고를 찾아 지원 자격과 자격증 가산점을 비교해야 한다. 정보처리기사, SQLD, 한국사능력검정시험이 각각 어느 기관에서 인정되는지 확인하고 마감일 순서로 정리한다.",True,,,,449.6654,qwen3:4b,True,,1177,276.047,v1,False,True,,,0,True,1,WARM,True,,취업·커리어/008-공기업 채용 공고 확인.txt,,,0,,,,,TEXT-008,category-only,False,공기업 채용 공고 확인,38.96496581993198,1385.4509
False,True,0.95,True,memo:TEXT-003,memo,,,,22,563.968,2026-07-21T10:17:04.146474+09:00,학습·지식,False,,개발·IT,,,,False,"OSI 7계층에서 각 계층이 담당하는 역할을 정리한다. TCP와 UDP가 전송 계층에 속하는 이유와 HTTP, DNS, IP가 각각 어느 계층에서 동작하는지도 예시와 함께 복습해야 한다.",True,,,,547.7193,qwen3:4b,True,,1151,325.53,v1,False,True,,,0,True,1,WARM,True,,학습·지식/003-텍스트-2026.07.20-0920.txt,,,0,,,,,TEXT-003,category-only,False,텍스트-2026.07.20-0920,39.009305492510215,1464.9871
True,True,0.95,True,memo:TEXT-004,memo,,,,24,696.888,2026-07-21T10:17:07.673047+09:00,학습·지식,False,,학습·지식,,,,False,"이번 주에는 SQL 기본 문법과 조인, 서브쿼리를 복습하고 다음 주에는 정규화와 트랜잭션을 공부한다. 시험 전날에는 오답 문제만 다시 확인할 수 있도록 틀린 문제를 별도로 정리해둔다.",True,,,,475.1561,qwen3:4b,True,,1170,252.276,v1,False,True,,,0,True,1,WARM,True,,학습·지식/004-SQLD 시험 공부 계획.txt,,,0,,,,,TEXT-004,category-only,False,SQLD 시험 공부 계획,34.43881943726969,1457.8043
True,True,1.0,True,memo:TEXT-001,memo,,,,14,776.406,2026-07-21T10:17:27.287808+09:00,개발·IT,False,,개발·IT,,,,False,"Spring Boot에서 사용자가 업로드한 이미지 파일을 AWS S3에 저장하는 기능을 구현해야 한다. 파일 이름이 중복되지 않도록 UUID를 붙이고, 업로드가 완료되면 이미지 URL과 파일 크기, 확장자를 데이터베이스에 저장한다.",True,,,,466.3472,qwen3:8b,True,,1165,69.692,v1,False,True,,,0,True,1,WARM,True,,개발·IT/001-텍스트-2026.07.20-0905.txt,,,0,,,,,TEXT-001,category-only,False,텍스트-2026.07.20-0905,18.03180294845738,1326.5088
True,True,0.95,True,memo:TEXT-002,memo,,,,15,898.024,2026-07-21T10:17:31.028289+09:00,개발·IT,False,,개발·IT,,,,False,"액세스 토큰이 만료되면 리프레시 토큰을 이용해 새로운 토큰을 발급하는 구조를 다시 확인해야 한다. 리프레시 토큰은 HttpOnly 쿠키에 저장하고, 재발급 과정에서 토큰 탈취와 중복 사용을 방지할 방법도 찾아본다.",True,,,,433.9451,qwen3:8b,True,,1200,341.308,v1,False,True,,,0,True,1,WARM,True,,개발·IT/002-JWT 재발급 구조 정리.txt,,,0,,,,,TEXT-002,category-only,False,JWT 재발급 구조 정리,16.70333977711063,1686.9031
True,True,0.9,True,memo:TEXT-017,memo,,,,15,871.578,2026-07-21T10:17:34.923850+09:00,건강·운동,False,,건강·운동,,,,False,"오래 앉아서 작업한 뒤 허리가 뻐근할 때 할 수 있는 스트레칭을 정리한다. 고양이 자세, 무릎 당기기, 골반 기울이기를 각각 30초씩 진행하고 통증이 심하면 운동을 중단한다.",True,,,,502.0819,qwen3:8b,True,,1170,459.598,v1,False,True,,,0,True,1,WARM,True,,건강·운동/017-텍스트-2026.07.20-1220.txt,,,0,,,,,TEXT-017,category-only,False,텍스트-2026.07.20-1220,17.210163634235833,1856.1681
True,True,1.0,True,memo:TEXT-018,memo,,,,15,1062.208,2026-07-21T10:17:39.206367+09:00,건강·운동,False,,건강·운동,,,,False,"월요일에는 상체 운동, 수요일에는 하체 운동, 토요일에는 가벼운 유산소 운동을 한다. 무리하게 중량을 올리기보다 운동 기록을 남기면서 매주 반복 횟수를 조금씩 늘린다.",True,,,,514.6477,qwen3:8b,True,,1178,659.578,v1,False,True,,,0,True,1,WARM,True,,건강·운동/018-주 3회 운동 계획.txt,,,0,,,,,TEXT-018,category-only,False,주 3회 운동 계획,14.1215279869856,2253.3767
True,True,0.8,True,memo:TEXT-021,memo,,,,13,802.358,2026-07-21T10:17:42.897525+09:00,기타,False,,기타,,,,False,결과를 너무 빨리 정하려 하지 말고 충분한 데이터를 확인한 다음 판단할 것. 지금 당장 필요하지 않더라도 다음 회의 전에 다시 읽어본다.,True,,,,477.1515,qwen3:8b,True,,1142,357.81,v1,False,True,,,0,True,1,WARM,True,,기타/021-텍스트-2026.07.20-1310.txt,,,0,,,,,TEXT-021,category-only,False,텍스트-2026.07.20-1310,16.202243886145585,1653.1267
True,True,0.8,True,memo:TEXT-022,memo,,,,13,751.974,2026-07-21T10:17:46.636562+09:00,기타,False,,기타,,,,False,사람들이 자주 저장하지만 다시 찾지 않는 정보를 활용할 새로운 방법이 필요하다. 아직 구체적인 기능이나 대상 사용자는 정하지 않았으므로 생각나는 내용을 계속 추가해본다.,True,,,,585.8071,qwen3:8b,True,,1144,331.571,v1,False,True,,,0,True,1,WARM,True,,기타/022-텍스트-2026.07.20-1325.txt,,,0,,,,,TEXT-022,category-only,False,텍스트-2026.07.20-1325,17.28783176014064,1700.9911
True,True,0.95,True,memo:TEXT-019,memo,,,,17,1022.008,2026-07-21T10:17:50.637178+09:00,문화·콘텐츠,False,,문화·콘텐츠,,,,False,주말에 친구들과 함께 볼 수 있는 두 시간 이내의 코미디 영화를 찾고 있다. 너무 무겁거나 잔인한 작품은 제외하고 넷플릭스나 디즈니플러스에서 볼 수 있는 영화를 우선 확인한다.,True,,,,503.4711,qwen3:8b,True,,1159,429.208,v1,False,True,,,0,True,1,WARM,True,,문화·콘텐츠/019-텍스트-2026.07.20-1245.txt,,,0,,,,,TEXT-019,category-only,False,텍스트-2026.07.20-1245,16.63392067381077,1971.0126
True,True,0.9,True,memo:TEXT-020,memo,,,,16,982.997,2026-07-21T10:17:54.547744+09:00,문화·콘텐츠,False,,문화·콘텐츠,,,,False,"개발자의 성장 과정이나 협업 경험을 다룬 에세이를 읽어보고 싶다. 기술 사용법을 설명하는 책보다는 실패 경험, 커리어 고민, 팀에서 소통하는 방법을 다룬 책을 찾아둔다.",True,,,,473.7581,qwen3:8b,True,,1173,385.604,v1,False,True,,,0,True,1,WARM,True,,문화·콘텐츠/020-읽어볼 개발 에세이.txt,,,0,,,,,TEXT-020,category-only,False,읽어볼 개발 에세이,16.27675364217795,1864.08
False,True,0.9,True,memo:TEXT-009,memo,,,,18,1148.649,2026-07-21T10:17:58.594788+09:00,생활·할 일,False,,업무·프로젝트,,,,False,오전에는 병원 예약 시간을 확인하고 오후에는 택배를 보내야 한다. 저녁에는 프로젝트 회의 전에 Jira 백로그를 정리하고 세탁기도 돌린다.,True,,,,476.4886,qwen3:8b,True,,1145,367.405,v1,False,True,,,0,True,1,WARM,True,,생활·할 일/009-텍스트-2026.07.20-1035.txt,,,0,,,,,TEXT-009,category-only,False,텍스트-2026.07.20-1035,15.670583441939183,2009.2317
True,True,0.9,True,memo:TEXT-010,memo,,,,15,1075.106,2026-07-21T10:18:02.885693+09:00,생활·할 일,False,,생활·할 일,,,,False,책상 위에 쌓여 있는 서류를 분류하고 사용하지 않는 전자기기를 박스에 정리한다. 겨울옷은 옷장 위쪽으로 옮기고 필요한 생필품 목록도 함께 작성해야 한다.,True,,,,516.3419,qwen3:8b,True,,1165,623.861,v1,False,True,,,0,True,1,WARM,True,,생활·할 일/010-주말 방 정리 계획.txt,,,0,,,,,TEXT-010,category-only,False,주말 방 정리 계획,13.952112628894268,2245.2388
True,True,0.95,True,memo:TEXT-023,memo,,,,16,942.272,2026-07-21T10:18:07.298619+09:00,생활·할 일,False,,생활·할 일,,,,True,"기숙사 -
살 것
면도크림
바디워시

아침)
충전기 ㅇ
버즈 
슬리퍼 ㅇ
배게 
헤어드라이기 ㅇ
남은 옷 ㅇ
이불

공통)
신분증, 카드 ㅇ
청소도구 ㅇ
건조대 ㅇ
운동화, 런닝화 ㅇ
우산 ㅇ
필기 도구 ㅇ
손톱, 발톱 깎이 ㅇ
빨래바구니 ㅇ
휴지 ㅇ

식류)
비타민 ㅇ
후리가케 ㅇ

기계류)
노트북(+충전기, 받침대, 인터넷 선) ㅇ
모니터(+hdml 선) ㅇ
인터넷 선, 어댑터 ㅇ
키보드, 마우스 ㅇ
무선 키보드 ㅇ

세면류)
샴푸, 린스, 바디워시 ㅇ
바디타올 ㅇ
폼클렌징 ㅇ
수분크림 ㅇ
양치도구, 혀클리너 ㅇ
면도기, 크림 

의류)
모자 1
옷걸이 5
이불 1
수건 8
팬티 6
잠옷 디티5, 바지1, 잠바1
긴바지 5
반바지 1
반팔티 검2, 흰3
반팔 2
긴팔 검흰 1
잠바(후드티, 점퍼) 2
양말 검5, 흰",True,,,,636.8796,qwen3:8b,True,,1476,735.326,v1,False,True,,,0,True,1,WARM,True,,생활·할 일/기숙사 준비물.txt,,,0,,,,,TEXT-023,category-only,False,기숙사 준비물,16.98023500645249,2353.5948
True,True,0.9,True,memo:TEXT-011,memo,,,,16,925.045,2026-07-21T10:18:11.202467+09:00,쇼핑·제품,False,,쇼핑·제품,,,,False,"RAM 32GB 이상이고 SSD를 추가할 수 있는 개발용 노트북을 찾아봐야 한다. Docker와 로컬 LLM을 실행할 예정이라 GPU 성능과 발열, 배터리 시간도 비교하고 가격은 200만 원 이하로 확인한다.",True,,,,490.778,qwen3:8b,True,,1161,403.491,v1,False,True,,,0,True,1,WARM,True,,쇼핑·제품/011-텍스트-2026.07.20-1100.txt,,,0,,,,,TEXT-011,category-only,False,텍스트-2026.07.20-1100,17.296455848093878,1834.9644
True,True,0.95,True,memo:TEXT-012,memo,,,,17,1018.518,2026-07-21T10:18:15.304181+09:00,쇼핑·제품,False,,쇼핑·제품,,,,False,"사무실에서 사용할 저소음 무선 키보드를 찾는 중이다. 블루투스와 USB 리시버를 모두 지원하고 숫자 키패드가 있으며, 여러 기기를 빠르게 전환할 수 있는 제품을 우선 비교한다.",True,,,,609.2988,qwen3:8b,True,,1175,413.612,v1,False,True,,,0,True,1,WARM,True,,쇼핑·제품/012-무선 키보드 구매 후보.txt,,,0,,,,,TEXT-012,category-only,False,무선 키보드 구매 후보,16.6909175881035,2060.8799
True,True,0.95,True,memo:TEXT-005,memo,,,,19,1278.192,2026-07-21T10:18:19.821160+09:00,업무·프로젝트,False,,업무·프로젝트,,,,False,"팀 회의에서 URL 미리보기 생성과 본문 추출을 별도의 처리 과정으로 나누기로 했다. 미리보기는 Open Graph와 oEmbed를 사용하고, 본문은 Jsoup과 Readability를 우선 적용한 뒤 실패하면 Playwright를 실행하는 방향을 검토한다.",True,,,,604.8741,qwen3:8b,True,,1171,556.188,v1,False,True,,,0,True,1,WARM,True,,업무·프로젝트/005-텍스트-2026.07.20-0940.txt,,,0,,,,,TEXT-005,category-only,False,텍스트-2026.07.20-0940,14.864746454366793,2460.9151
True,True,1.0,True,memo:TEXT-006,memo,,,,18,1184.03,2026-07-21T10:18:24.139239+09:00,업무·프로젝트,False,,업무·프로젝트,,,,False,"이미지 업로드, S3 저장, OCR 처리, AI 카테고리 분류 작업을 각각 스토리와 하위 작업으로 나눠 Jira에 등록해야 한다. 담당자를 나누고 각 작업에 우선순위와 스토리 점수를 설정한다.",True,,,,546.6773,qwen3:8b,True,,1182,498.214,v1,False,True,,,0,True,1,WARM,True,,업무·프로젝트/006-1주차 백로그 정리.txt,,,0,,,,,TEXT-006,category-only,False,1주차 백로그 정리,15.202317508846905,2252.0165
True,True,0.95,True,memo:TEXT-015,memo,,,,17,1132.485,2026-07-21T10:18:28.282741+09:00,여행·장소,False,,여행·장소,,,,False,"첫날에는 제주공항에서 렌터카를 받아 애월 카페와 협재해수욕장을 방문한다. 둘째 날은 성산일출봉과 우도를 둘러보고, 마지막 날에는 동문시장에서 기념품을 산 뒤 공항으로 이동한다.",True,,,,493.9508,qwen3:8b,True,,1173,457.539,v1,False,True,,,0,True,1,WARM,True,,여행·장소/015-텍스트-2026.07.20-1150.txt,,,0,,,,,TEXT-015,category-only,False,텍스트-2026.07.20-1150,15.011236351916361,2100.9444
False,True,0.9,True,memo:TEXT-016,memo,,,,16,1110.927,2026-07-21T10:18:32.531710+09:00,여행·장소,False,,문화·콘텐츠,,,,False,"다음 주 토요일에 서울에서 열리는 미디어아트 전시회를 찾아보고 있다. 지하철로 이동하기 편하고 관람 시간이 두 시간 이내이며, 주변에 식사할 곳이 많은 전시장을 우선 확인한다.",True,,,,496.8468,qwen3:8b,True,,1174,557.304,v1,False,True,,,0,True,1,WARM,True,,여행·장소/016-서울 전시회 방문 후보.txt,,,0,,,,,TEXT-016,category-only,False,서울 전시회 방문 후보,14.40238647543898,2181.9314
True,True,0.9,True,memo:TEXT-013,memo,,,,16,1032.903,2026-07-21T10:18:36.481559+09:00,음식·맛집,False,,음식·맛집,,,,False,"광주 상무지구에서 주말 저녁에 방문할 수 있는 파스타 맛집을 찾아둔다. 크림 파스타와 스테이크 메뉴가 있고, 6명이 함께 앉을 수 있으며 예약 가능한 곳이면 좋겠다.",True,,,,409.6813,qwen3:8b,True,,1156,440.475,v1,False,True,,,0,True,1,WARM,True,,음식·맛집/013-텍스트-2026.07.20-1125.txt,,,0,,,,,TEXT-013,category-only,False,텍스트-2026.07.20-1125,15.490321937297114,1907.1166
True,True,1.0,True,memo:TEXT-014,memo,,,,16,1058.866,2026-07-21T10:18:40.777767+09:00,음식·맛집,False,,음식·맛집,,,,False,"냉동 닭가슴살과 남은 채소를 활용해 볶음밥을 만드는 방법이다. 닭가슴살을 먼저 잘게 썰어 볶고 양파, 대파, 당근을 넣은 뒤 밥과 간장을 넣어 마무리한다.",True,,,,604.558,qwen3:8b,True,,1187,561.597,v1,False,True,,,0,True,1,WARM,True,,음식·맛집/014-닭가슴살 볶음밥 레시피.txt,,,0,,,,,TEXT-014,category-only,False,닭가슴살 볶음밥 레시피,15.11050501196563,2251.7299
False,True,0.9,True,memo:TEXT-007,memo,,,,18,1179.599,2026-07-21T10:18:44.852197+09:00,취업·커리어,False,,업무·프로젝트,,,,False,"Spring의 의존성 주입, 트랜잭션 전파, JPA 영속성 컨텍스트와 관련된 면접 질문을 정리해야 한다. 단순히 정의만 외우지 말고 프로젝트에서 실제로 사용한 경험과 함께 답변을 준비한다.",True,,,,460.795,qwen3:8b,True,,1161,392.864,v1,False,True,,,0,True,1,WARM,True,,취업·커리어/007-텍스트-2026.07.20-1010.txt,,,0,,,,,TEXT-007,category-only,False,텍스트-2026.07.20-1010,15.259422905580625,2050.5754
True,True,0.95,True,memo:TEXT-008,memo,,,,18,1383.504,2026-07-21T10:18:49.399069+09:00,취업·커리어,False,,취업·커리어,,,,False,"이번 주에 올라온 전산직 공기업 채용 공고를 찾아 지원 자격과 자격증 가산점을 비교해야 한다. 정보처리기사, SQLD, 한국사능력검정시험이 각각 어느 기관에서 인정되는지 확인하고 마감일 순서로 정리한다.",True,,,,473.4321,qwen3:8b,True,,1183,610.624,v1,False,True,,,0,True,1,WARM,True,,취업·커리어/008-공기업 채용 공고 확인.txt,,,0,,,,,TEXT-008,category-only,False,공기업 채용 공고 확인,13.01044304895396,2485.2161
True,True,0.9,True,memo:TEXT-003,memo,,,,16,1186.662,2026-07-21T10:18:53.827481+09:00,학습·지식,False,,학습·지식,,,,False,"OSI 7계층에서 각 계층이 담당하는 역할을 정리한다. TCP와 UDP가 전송 계층에 속하는 이유와 HTTP, DNS, IP가 각각 어느 계층에서 동작하는지도 예시와 함께 복습해야 한다.",True,,,,489.0807,qwen3:8b,True,,1157,645.71,v1,False,True,,,0,True,1,WARM,True,,학습·지식/003-텍스트-2026.07.20-0920.txt,,,0,,,,,TEXT-003,category-only,False,텍스트-2026.07.20-0920,13.48319909123238,2341.4389
True,True,1.0,True,memo:TEXT-004,memo,,,,16,1021.811,2026-07-21T10:18:57.940197+09:00,학습·지식,False,,학습·지식,,,,False,"이번 주에는 SQL 기본 문법과 조인, 서브쿼리를 복습하고 다음 주에는 정규화와 트랜잭션을 공부한다. 시험 전날에는 오답 문제만 다시 확인할 수 있도록 틀린 문제를 별도로 정리해둔다.",True,,,,472.2568,qwen3:8b,True,,1176,526.676,v1,False,True,,,0,True,1,WARM,True,,학습·지식/004-SQLD 시험 공부 계획.txt,,,0,,,,,TEXT-004,category-only,False,SQLD 시험 공부 계획,15.65847304442798,2037.2016
