embeddingId,testId,id,title,type,categoryId,categoryName,sourcePath,x,y,z
TEXT-017::HEALTH_EXERCISE,TEXT-017,17,텍스트-2026.07.20-1220,MEMO,HEALTH_EXERCISE,건강·운동,건강·운동/017-텍스트-2026.07.20-1220.txt,2.0507638454437256,5.260692119598389,4.620019435882568
TEXT-018::HEALTH_EXERCISE,TEXT-018,18,주 3회 운동 계획,MEMO,HEALTH_EXERCISE,건강·운동,건강·운동/018-주 3회 운동 계획.txt,2.319837808609009,5.474246501922607,5.041630268096924
TEXT-054::HEALTH_EXERCISE,TEXT-054,54,허리 부담을 줄이는 스쿼트 자세,MEMO,HEALTH_EXERCISE,건강·운동,건강·운동/054-허리 부담을 줄이는 스쿼트 자세.txt,1.9250558614730835,5.1957926750183105,4.816047668457031
TEXT-055::HEALTH_EXERCISE,TEXT-055,55,텍스트-2026-07-13,MEMO,HEALTH_EXERCISE,건강·운동,건강·운동/055-텍스트-2026-07-13.txt,2.4260339736938477,4.9651198387146,4.46280574798584
TEXT-056::HEALTH_EXERCISE,TEXT-056,56,러닝 초보자 주간 계획,MEMO,HEALTH_EXERCISE,건강·운동,건강·운동/056-러닝 초보자 주간 계획.txt,2.1665425300598145,5.204926013946533,4.718653202056885
TEXT-057::HEALTH_EXERCISE,TEXT-057,57,장시간 앉아 있을 때 스트레칭,MEMO,HEALTH_EXERCISE,건강·운동,건강·운동/057-장시간 앉아 있을 때 스트레칭.txt,2.056386947631836,5.114941120147705,4.322183132171631
TEXT-058::HEALTH_EXERCISE,TEXT-058,58,운동 후 식사 구성,MEMO,HEALTH_EXERCISE,건강·운동,건강·운동/058-운동 후 식사 구성.txt,2.311281681060791,5.583130359649658,4.543262481689453
TEXT-021::IDEA_INSPIRATION,TEXT-021,21,텍스트-2026.07.20-1310,MEMO,IDEA_INSPIRATION,아이디어·영감,기타/021-텍스트-2026.07.20-1310.txt,4.478996276855469,1.8498047590255737,5.307399272918701
TEXT-022::IDEA_INSPIRATION,TEXT-022,22,텍스트-2026.07.20-1325,MEMO,IDEA_INSPIRATION,아이디어·영감,기타/022-텍스트-2026.07.20-1325.txt,4.8326239585876465,1.7550021409988403,5.030304908752441
TEXT-074::OTHER,TEXT-074,74,텍스트-2026-07-21,MEMO,OTHER,기타,기타/074-텍스트-2026-07-21.txt,3.838510513305664,2.4316275119781494,4.676648139953613
TEXT-075::OTHER,TEXT-075,75,확인할 문자열,MEMO,OTHER,기타,기타/075-확인할 문자열.txt,3.681407928466797,2.6037216186523438,4.444765567779541
TEXT-076::OTHER,TEXT-076,76,텍스트-2026-07-22,MEMO,OTHER,기타,기타/076-텍스트-2026-07-22.txt,3.8628528118133545,2.4717419147491455,4.2657341957092285
TEXT-077::OTHER,TEXT-077,77,내용을 확인할 수 없는 링크,MEMO,OTHER,기타,기타/077-내용을 확인할 수 없는 링크.txt,4.08436393737793,2.567683696746826,4.281641960144043
TEXT-078::OTHER,TEXT-078,78,이미지 추출 실패,MEMO,OTHER,기타,기타/078-이미지 추출 실패.txt,4.303640842437744,2.6226589679718018,3.966041088104248
TEXT-064::MONEY_FINANCE,TEXT-064,64,월급 통장 나누는 방법,MEMO,MONEY_FINANCE,돈·재테크,돈·재테크/064-월급 통장 나누는 방법.txt,1.9439228773117065,3.8059561252593994,6.02227783203125
TEXT-065::MONEY_FINANCE,TEXT-065,65,텍스트-2026-07-17,MEMO,MONEY_FINANCE,돈·재테크,돈·재테크/065-텍스트-2026-07-17.txt,1.7959662675857544,3.4761641025543213,5.883840560913086
TEXT-066::SHOPPING_PRODUCT,TEXT-066,66,카드 혜택 비교,MEMO,SHOPPING_PRODUCT,쇼핑·제품,돈·재테크/066-카드 혜택 비교.txt,2.0735857486724854,3.429790735244751,5.5547871589660645
TEXT-066::MONEY_FINANCE,TEXT-066,66,카드 혜택 비교,MEMO,MONEY_FINANCE,돈·재테크,돈·재테크/066-카드 혜택 비교.txt,1.911280632019043,3.615030288696289,5.558980941772461
TEXT-067::MONEY_FINANCE,TEXT-067,67,비상금 규모 정하기,MEMO,MONEY_FINANCE,돈·재테크,돈·재테크/067-비상금 규모 정하기.txt,1.6546146869659424,3.6840457916259766,6.071780204772949
TEXT-068::MONEY_FINANCE,TEXT-068,68,보험 가입 전에 확인할 내용,MEMO,MONEY_FINANCE,돈·재테크,돈·재테크/068-보험 가입 전에 확인할 내용.txt,2.392352342605591,3.3446004390716553,5.919546604156494
TEXT-019::CULTURE_CONTENT,TEXT-019,19,텍스트-2026.07.20-1245,MEMO,CULTURE_CONTENT,문화·콘텐츠,문화·콘텐츠/019-텍스트-2026.07.20-1245.txt,3.317902088165283,4.6307597160339355,3.38256573677063
TEXT-020::CULTURE_CONTENT,TEXT-020,20,읽어볼 개발 에세이,MEMO,CULTURE_CONTENT,문화·콘텐츠,문화·콘텐츠/020-읽어볼 개발 에세이.txt,5.226039886474609,2.3827965259552,4.578855991363525
TEXT-020::LEARNING_KNOWLEDGE,TEXT-020,20,읽어볼 개발 에세이,MEMO,LEARNING_KNOWLEDGE,학습·지식,문화·콘텐츠/020-읽어볼 개발 에세이.txt,5.082890510559082,2.2932143211364746,4.882504463195801
TEXT-059::CULTURE_CONTENT,TEXT-059,59,주말에 볼 영화 후보,MEMO,CULTURE_CONTENT,문화·콘텐츠,문화·콘텐츠/059-주말에 볼 영화 후보.txt,3.4592742919921875,4.468282222747803,3.573312282562256
TEXT-060::CULTURE_CONTENT,TEXT-060,60,텍스트-2026-07-15,MEMO,CULTURE_CONTENT,문화·콘텐츠,문화·콘텐츠/060-텍스트-2026-07-15.txt,5.34211540222168,1.9834271669387817,4.809305667877197
TEXT-060::LEARNING_KNOWLEDGE,TEXT-060,60,텍스트-2026-07-15,MEMO,LEARNING_KNOWLEDGE,학습·지식,문화·콘텐츠/060-텍스트-2026-07-15.txt,5.288751125335693,2.151122808456421,5.104757785797119
TEXT-061::CULTURE_CONTENT,TEXT-061,61,서울 사진전 정보,MEMO,CULTURE_CONTENT,문화·콘텐츠,문화·콘텐츠/061-서울 사진전 정보.txt,3.341433525085449,4.282007217407227,3.1097803115844727
TEXT-062::FOOD_RESTAURANT,TEXT-062,62,출근할 때 들을 음악,MEMO,FOOD_RESTAURANT,음식·맛집,문화·콘텐츠/062-출근할 때 들을 음악.txt,3.103066921234131,4.442803859710693,3.8272695541381836
TEXT-062::CULTURE_CONTENT,TEXT-062,62,출근할 때 들을 음악,MEMO,CULTURE_CONTENT,문화·콘텐츠,문화·콘텐츠/062-출근할 때 들을 음악.txt,3.24031400680542,4.1645612716674805,3.798851728439331
TEXT-063::CULTURE_CONTENT,TEXT-063,63,웹툰 추천 목록,MEMO,CULTURE_CONTENT,문화·콘텐츠,문화·콘텐츠/063-웹툰 추천 목록.txt,3.444478750228882,3.924274206161499,3.9162070751190186
TEXT-006::LEARNING_KNOWLEDGE,TEXT-006,6,1주차 백로그 정리,MEMO,LEARNING_KNOWLEDGE,학습·지식,생활·할 일/006-1주차 백로그 정리.txt,4.008369445800781,2.7287614345550537,5.577878952026367
TEXT-009::LIFE_TASK,TEXT-009,9,텍스트-2026.07.20-1035,MEMO,LIFE_TASK,생활·할 일,생활·할 일/009-텍스트-2026.07.20-1035.txt,3.097670078277588,4.305441856384277,5.825924873352051
TEXT-010::LIFE_TASK,TEXT-010,10,주말 방 정리 계획,MEMO,LIFE_TASK,생활·할 일,생활·할 일/010-주말 방 정리 계획.txt,2.7687907218933105,4.531059265136719,5.632667541503906
TEXT-024::LIFE_TASK,TEXT-024,24,이사 전날 확인할 목록,MEMO,LIFE_TASK,생활·할 일,생활·할 일/024-이사 전날 확인할 목록.txt,2.9131643772125244,4.057046890258789,5.505084991455078
TEXT-025::LIFE_TASK,TEXT-025,25,텍스트-2026-07-01,MEMO,LIFE_TASK,생활·할 일,생활·할 일/025-텍스트-2026-07-01.txt,2.943345546722412,4.425131797790527,5.462719917297363
TEXT-026::LIFE_TASK,TEXT-026,26,장마철 빨래 냄새 줄이는 방법,MEMO,LIFE_TASK,생활·할 일,생활·할 일/026-장마철 빨래 냄새 줄이는 방법.txt,2.399867057800293,4.8510918617248535,5.149824619293213
TEXT-027::LIFE_TASK,TEXT-027,27,다음 주 일정 메모,MEMO,LIFE_TASK,생활·할 일,생활·할 일/027-다음 주 일정 메모.txt,2.544268846511841,4.2665228843688965,5.709362030029297
TEXT-028::LIFE_TASK,TEXT-028,28,공과금 자동이체 변경 순서,MEMO,LIFE_TASK,생활·할 일,생활·할 일/028-공과금 자동이체 변경 순서.txt,2.3307483196258545,3.9613771438598633,5.8962788581848145
TEXT-023::LIFE_TASK,TEXT-023,23,기숙사 준비물,MEMO,LIFE_TASK,생활·할 일,생활·할 일/기숙사 준비물.txt,2.9692776203155518,4.772058010101318,5.539683818817139
TEXT-011::SHOPPING_PRODUCT,TEXT-011,11,텍스트-2026.07.20-1100,MEMO,SHOPPING_PRODUCT,쇼핑·제품,쇼핑·제품/011-텍스트-2026.07.20-1100.txt,2.530428886413574,2.851029872894287,4.857724666595459
TEXT-012::SHOPPING_PRODUCT,TEXT-012,12,무선 키보드 구매 후보,MEMO,SHOPPING_PRODUCT,쇼핑·제품,쇼핑·제품/012-무선 키보드 구매 후보.txt,2.15787410736084,3.2141287326812744,4.850940704345703
TEXT-049::SHOPPING_PRODUCT,TEXT-049,49,무선 키보드 비교,MEMO,SHOPPING_PRODUCT,쇼핑·제품,쇼핑·제품/049-무선 키보드 비교.txt,2.1152231693267822,3.329540491104126,4.735795021057129
TEXT-050::SHOPPING_PRODUCT,TEXT-050,50,텍스트-2026-07-11,MEMO,SHOPPING_PRODUCT,쇼핑·제품,쇼핑·제품/050-텍스트-2026-07-11.txt,2.661935806274414,4.864025115966797,5.069040775299072
TEXT-051::SHOPPING_PRODUCT,TEXT-051,51,로봇청소기 구매 후보,MEMO,SHOPPING_PRODUCT,쇼핑·제품,쇼핑·제품/051-로봇청소기 구매 후보.txt,2.435117483139038,3.1170284748077393,5.0608110427856445
TEXT-052::SHOPPING_PRODUCT,TEXT-052,52,여행용 보조배터리 확인 사항,MEMO,SHOPPING_PRODUCT,쇼핑·제품,쇼핑·제품/052-여행용 보조배터리 확인 사항.txt,2.721830129623413,3.3849704265594482,5.359594821929932
TEXT-053::SHOPPING_PRODUCT,TEXT-053,53,부모님 선물용 마사지기 후기,MEMO,SHOPPING_PRODUCT,쇼핑·제품,쇼핑·제품/053-부모님 선물용 마사지기 후기.txt,1.9917621612548828,4.658565044403076,5.038036346435547
TEXT-005::IDEA_INSPIRATION,TEXT-005,5,텍스트-2026.07.20-0940,MEMO,IDEA_INSPIRATION,아이디어·영감,아이디어·영감/005-텍스트-2026.07.20-0940.txt,4.647403240203857,2.181962013244629,4.458223342895508
TEXT-005::LEARNING_KNOWLEDGE,TEXT-005,5,텍스트-2026.07.20-0940,MEMO,LEARNING_KNOWLEDGE,학습·지식,아이디어·영감/005-텍스트-2026.07.20-0940.txt,4.707499027252197,2.5540919303894043,4.559592247009277
TEXT-069::IDEA_INSPIRATION,TEXT-069,69,앱 첫 화면 디자인 참고,MEMO,IDEA_INSPIRATION,아이디어·영감,아이디어·영감/069-앱 첫 화면 디자인 참고.txt,4.319512844085693,1.828101634979248,4.59822416305542
TEXT-070::IDEA_INSPIRATION,TEXT-070,70,텍스트-2026-07-19,MEMO,IDEA_INSPIRATION,아이디어·영감,아이디어·영감/070-텍스트-2026-07-19.txt,4.71919584274292,1.704947829246521,4.846256732940674
TEXT-071::LIFE_TASK,TEXT-071,71,방 꾸미기 참고 이미지,MEMO,LIFE_TASK,생활·할 일,아이디어·영감/071-방 꾸미기 참고 이미지.txt,3.6732981204986572,3.6420278549194336,3.301896333694458
TEXT-072::IDEA_INSPIRATION,TEXT-072,72,숏폼 콘텐츠 구성 방식,MEMO,IDEA_INSPIRATION,아이디어·영감,아이디어·영감/072-숏폼 콘텐츠 구성 방식.txt,4.372534275054932,1.867982268333435,4.650119781494141
TEXT-073::IDEA_INSPIRATION,TEXT-073,73,사진 구도 참고,MEMO,IDEA_INSPIRATION,아이디어·영감,아이디어·영감/073-사진 구도 참고.txt,3.6134445667266846,3.830599546432495,3.0906643867492676
TEXT-015::TRAVEL_PLACE,TEXT-015,15,텍스트-2026.07.20-1150,MEMO,TRAVEL_PLACE,여행·장소,여행·장소/015-텍스트-2026.07.20-1150.txt,2.226741313934326,4.683737277984619,2.959299325942993
TEXT-016::TRAVEL_PLACE,TEXT-016,16,서울 전시회 방문 후보,MEMO,TRAVEL_PLACE,여행·장소,여행·장소/016-서울 전시회 방문 후보.txt,2.9720704555511475,4.321003437042236,3.095289707183838
TEXT-039::TRAVEL_PLACE,TEXT-039,39,부산에서 일몰 보기 좋은 곳,MEMO,TRAVEL_PLACE,여행·장소,여행·장소/039-부산에서 일몰 보기 좋은 곳.txt,2.8702518939971924,4.559333801269531,2.833162784576416
TEXT-040::TRAVEL_PLACE,TEXT-040,40,텍스트-2026-07-07,MEMO,TRAVEL_PLACE,여행·장소,여행·장소/040-텍스트-2026-07-07.txt,2.4551069736480713,4.451871395111084,2.774312973022461
TEXT-041::TRAVEL_PLACE,TEXT-041,41,교토 버스 이용 팁,MEMO,TRAVEL_PLACE,여행·장소,여행·장소/041-교토 버스 이용 팁.txt,2.24090838432312,3.8332772254943848,4.695492267608643
TEXT-042::TRAVEL_PLACE,TEXT-042,42,비 오는 날 서울에서 갈 곳,MEMO,TRAVEL_PLACE,여행·장소,여행·장소/042-비 오는 날 서울에서 갈 곳.txt,3.1769163608551025,4.341888904571533,2.8345603942871094
TEXT-043::TRAVEL_PLACE,TEXT-043,43,숙소 예약 전에 확인할 내용,MEMO,TRAVEL_PLACE,여행·장소,여행·장소/043-숙소 예약 전에 확인할 내용.txt,2.5940184593200684,3.769366979598999,5.0488667488098145
TEXT-013::FOOD_RESTAURANT,TEXT-013,13,텍스트-2026.07.20-1125,MEMO,FOOD_RESTAURANT,음식·맛집,음식·맛집/013-텍스트-2026.07.20-1125.txt,2.5244266986846924,4.964147090911865,3.317715883255005
TEXT-013::TRAVEL_PLACE,TEXT-013,13,텍스트-2026.07.20-1125,MEMO,TRAVEL_PLACE,여행·장소,음식·맛집/013-텍스트-2026.07.20-1125.txt,2.5743086338043213,5.0207200050354,2.9380831718444824
TEXT-014::FOOD_RESTAURANT,TEXT-014,14,닭가슴살 볶음밥 레시피,MEMO,FOOD_RESTAURANT,음식·맛집,음식·맛집/014-닭가슴살 볶음밥 레시피.txt,2.29065203666687,5.4028215408325195,3.9759116172790527
TEXT-044::FOOD_RESTAURANT,TEXT-044,44,성수동 파스타 식당,MEMO,FOOD_RESTAURANT,음식·맛집,음식·맛집/044-성수동 파스타 식당.txt,2.6785504817962646,5.098524570465088,3.1328647136688232
TEXT-045::FOOD_RESTAURANT,TEXT-045,45,텍스트-2026-07-09,MEMO,FOOD_RESTAURANT,음식·맛집,음식·맛집/045-텍스트-2026-07-09.txt,2.4694032669067383,5.29956579208374,3.6525068283081055
TEXT-046::TRAVEL_PLACE,TEXT-046,46,광주에서 늦게까지 하는 카페,MEMO,TRAVEL_PLACE,여행·장소,음식·맛집/046-광주에서 늦게까지 하는 카페.txt,2.1820061206817627,4.417364120483398,3.305854320526123
TEXT-046::FOOD_RESTAURANT,TEXT-046,46,광주에서 늦게까지 하는 카페,MEMO,FOOD_RESTAURANT,음식·맛집,음식·맛집/046-광주에서 늦게까지 하는 카페.txt,2.33223819732666,4.730711936950684,3.4328107833862305
TEXT-047::FOOD_RESTAURANT,TEXT-047,47,냉동 만두를 바삭하게 굽는 방법,MEMO,FOOD_RESTAURANT,음식·맛집,음식·맛집/047-냉동 만두를 바삭하게 굽는 방법.txt,2.432718276977539,5.276501178741455,3.94963002204895
TEXT-048::FOOD_RESTAURANT,TEXT-048,48,제주 고기국수 후보,MEMO,FOOD_RESTAURANT,음식·맛집,음식·맛집/048-제주 고기국수 후보.txt,2.3334155082702637,5.108477592468262,3.1168506145477295
TEXT-007::LEARNING_KNOWLEDGE,TEXT-007,7,텍스트-2026.07.20-1010,MEMO,LEARNING_KNOWLEDGE,학습·지식,취업·커리어/007-텍스트-2026.07.20-1010.txt,4.540529251098633,2.673501491546631,5.572973251342773
TEXT-007::CAREER,TEXT-007,7,텍스트-2026.07.20-1010,MEMO,CAREER,취업·커리어,취업·커리어/007-텍스트-2026.07.20-1010.txt,4.380521774291992,2.854527473449707,5.386821746826172
TEXT-008::CAREER,TEXT-008,8,공기업 채용 공고 확인,MEMO,CAREER,취업·커리어,취업·커리어/008-공기업 채용 공고 확인.txt,3.495055913925171,3.393461227416992,5.58304500579834
TEXT-034::CAREER,TEXT-034,34,백엔드 개발자 채용 공고 확인,MEMO,CAREER,취업·커리어,취업·커리어/034-백엔드 개발자 채용 공고 확인.txt,4.148829460144043,3.094850778579712,5.7299675941467285
TEXT-035::CAREER,TEXT-035,35,텍스트-2026-07-05,MEMO,CAREER,취업·커리어,취업·커리어/035-텍스트-2026-07-05.txt,4.491831302642822,2.610290288925171,4.869828701019287
TEXT-036::CAREER,TEXT-036,36,자기소개서 수정할 부분,MEMO,CAREER,취업·커리어,취업·커리어/036-자기소개서 수정할 부분.txt,4.143476963043213,2.549997091293335,4.876347541809082
TEXT-037::CAREER,TEXT-037,37,이직 전 확인할 조건,MEMO,CAREER,취업·커리어,취업·커리어/037-이직 전 확인할 조건.txt,3.287095785140991,3.645559310913086,5.7026543617248535
TEXT-038::LEARNING_KNOWLEDGE,TEXT-038,38,포트폴리오 프로젝트 설명 방식,MEMO,LEARNING_KNOWLEDGE,학습·지식,취업·커리어/038-포트폴리오 프로젝트 설명 방식.txt,4.579273223876953,2.767970085144043,4.977375507354736
TEXT-001::LEARNING_KNOWLEDGE,TEXT-001,1,텍스트-2026.07.20-0905,MEMO,LEARNING_KNOWLEDGE,학습·지식,학습·지식/001-텍스트-2026.07.20-0905.txt,4.369011402130127,2.9372756481170654,5.704707622528076
TEXT-002::LEARNING_KNOWLEDGE,TEXT-002,2,JWT 재발급 구조 정리,MEMO,LEARNING_KNOWLEDGE,학습·지식,학습·지식/002-JWT 재발급 구조 정리.txt,4.002717971801758,2.3986170291900635,5.858071327209473
TEXT-003::LEARNING_KNOWLEDGE,TEXT-003,3,텍스트-2026.07.20-0920,MEMO,LEARNING_KNOWLEDGE,학습·지식,학습·지식/003-텍스트-2026.07.20-0920.txt,4.821140766143799,2.8797523975372314,5.386430263519287
TEXT-004::LEARNING_KNOWLEDGE,TEXT-004,4,SQLD 시험 공부 계획,MEMO,LEARNING_KNOWLEDGE,학습·지식,학습·지식/004-SQLD 시험 공부 계획.txt,4.827919006347656,2.5699028968811035,5.672194957733154
TEXT-029::LEARNING_KNOWLEDGE,TEXT-029,29,Redis 큐에서 작업이 중복될 수 있는 이유,MEMO,LEARNING_KNOWLEDGE,학습·지식,학습·지식/029-Redis 큐에서 작업이 중복될 수 있는 이유.txt,4.2563934326171875,2.1341819763183594,5.820082664489746
TEXT-030::LEARNING_KNOWLEDGE,TEXT-030,30,텍스트-2026-07-03,MEMO,LEARNING_KNOWLEDGE,학습·지식,학습·지식/030-텍스트-2026-07-03.txt,4.844650745391846,2.1895782947540283,5.525771617889404
TEXT-031::LEARNING_KNOWLEDGE,TEXT-031,31,사진 촬영에서 조리개의 역할,MEMO,LEARNING_KNOWLEDGE,학습·지식,학습·지식/031-사진 촬영에서 조리개의 역할.txt,3.841691017150879,3.4590609073638916,3.397780418395996
TEXT-032::LEARNING_KNOWLEDGE,TEXT-032,32,전세와 월세의 차이 정리,MEMO,LEARNING_KNOWLEDGE,학습·지식,학습·지식/032-전세와 월세의 차이 정리.txt,2.1980013847351074,3.610551118850708,6.088338375091553
TEXT-033::LEARNING_KNOWLEDGE,TEXT-033,33,좋은 발표 자료의 정보 구조,MEMO,LEARNING_KNOWLEDGE,학습·지식,학습·지식/033-좋은 발표 자료의 정보 구조.txt,4.408970355987549,2.1568052768707275,4.987008571624756
