scenario,order,accumulate,initialCategoryCount,finalCategoryCount,newGeneratedCount,generatedExistingCount,singleUseCategoryCount,avgItemsPerCategory,largestCategoryShare,failureCount,elapsedSeconds
ai-only-cumulative,original,True,0,36,36,76,12,3.1111,0.0893,0,1248.922
ai-only-cumulative,shuffle-42,True,0,32,32,79,6,3.4688,0.0901,1,1247.91
ai-only-cumulative,shuffle-84,True,0,30,30,82,6,3.7333,0.0982,0,1198.672
existing5-ai-cumulative,original,True,5,11,6,11,1,10.1818,0.1875,0,1237.206
existing5-ai-cumulative,shuffle-42,True,5,9,4,11,0,12.4444,0.1875,0,1371.666
existing5-ai-cumulative,shuffle-84,True,5,13,8,13,3,8.6154,0.1786,0,1376.26
existing7-ai-cumulative,original,True,7,13,6,16,1,8.6154,0.1786,0,1226.433
existing7-ai-cumulative,shuffle-42,True,7,15,8,17,2,7.4667,0.1875,0,1219.328
existing7-ai-cumulative,shuffle-84,True,7,13,6,19,0,8.6154,0.1964,0,1302.091
