testId,title,sourcePath,generatedCategory,categoryOrigin,categoryCreatedNow,availableCategoryCount,aiReason,status,errorType,latencyMs,inputTokens,outputTokens,estimatedCost
URL-001,https://kormedi.com/1341895/,건강·운동/0061-url.txt,생활·관리,EXISTING,False,3,견과류의 건강 효과와 부작용에 대한 정보는 일상 생활에서의 건강 관리와 관련이 있음,SUCCESS,,9424.72530005034,525,305,
URL-002,https://brunch.co.kr/@tenbody/1122,건강·운동/0062-url.txt,생활·관리,EXISTING,False,3,"스트레칭은 건강 관리와 운동에 해당하며, 부상 예방과 혈액 순환 개선이라는 생활 유지와 관리에 관한 내용을 포함하고 있음",SUCCESS,,10044.023599941283,530,383,
URL-003,https://en.wikipedia.org/wiki/Nerve_glide,건강·운동/0063-url.txt,생활·관리,EXISTING,False,3,"신경 이동 운동은 건강 관리와 관련된 물리치료법으로, 손목 통증 등 신체적 문제 해결을 위한 일상적인 건강 관리 범주에 해당하기 때문",SUCCESS,,8025.3648000070825,524,318,
URL-004,https://www.emotiv.com/ko/neuroscience/insomnia,건강·운동/0064-url.txt,생활·관리,EXISTING,False,3,"불면증은 건강 관리의 범주에 해당하는 수면 장애로, 치료 방법과 생활습관 개선이 포함되어 있음",SUCCESS,,9531.2407000456,552,325,
URL-005,https://www.psychiatricnews.net/news/articleView.html?idxno=36398,건강·운동/0065-url.txt,생활·관리,EXISTING,False,3,수면 장애와 그 해결 방법에 대한 내용은 일상 생활 유지와 관리에 해당하므로 기존 '생활·관리' 카테고리에 속합니다.,SUCCESS,,8847.055400023237,553,280,
URL-006,https://healthlab.ai.kr/수면의-질-높이는-7가지-과학적-방법/,건강·운동/0066-url.txt,생활·관리,EXISTING,False,3,수면 질 개선 방법은 일상 생활 유지와 관리에 관한 건강 관리 내용으로 분류 가능,SUCCESS,,8313.727500033565,545,281,
URL-007,https://yuyuteijin.co.kr/blog/7368ecdf-a987-4315-9e31-e7a3dfe2e6ee/,건강·운동/0067-url.txt,생활·관리,EXISTING,False,3,"수면 리듬, 수면 환경, 디지털 디톡스 등 일상 생활에서의 건강 관리 방법을 다루고 있어 기존 '생활·관리' 카테고리에 해당",SUCCESS,,7968.342900043353,614,244,
URL-008,https://namu.wiki/w/유산소%20운동,건강·운동/0068-url.txt,생활·관리,EXISTING,False,3,유산소 운동은 건강 관리와 일상 생활 유지에 해당하는 내용으로 기존 '생활·관리' 카테고리에 포함됨,SUCCESS,,10264.980499981903,552,428,
URL-009,https://brunch.co.kr/@tenbody/743,건강·운동/0069-url.txt,생활·관리,EXISTING,False,3,"걷기 운동은 일상 생활 유지와 관리에 관한 내용으로, 운동 관련 팁이 포함되어 있어 기존 '생활·관리' 카테고리에 해당합니다.",SUCCESS,,10271.547400043346,550,425,
URL-010,https://www.nhis.or.kr/magazin/168/html/sub7.html,건강·운동/0070-url.txt,생활·관리,EXISTING,False,3,"걷기의 건강 효과와 올바른 자세, 방법에 대한 내용은 일상 생활 유지와 관리, 특히 건강 관리 및 운동 분야에 해당합니다.",SUCCESS,,8743.898499989882,527,312,
URL-011,https://news.hidoc.co.kr/news/articleView.html?idxno=44199,건강·운동/0071-url.txt,생활·관리,EXISTING,False,3,"걷기는 심혈관 건강, 체중 관리, 정신 건강 등 일상 생활 유지와 관리에 관한 내용으로 생활·관리 카테고리에 해당합니다.",SUCCESS,,8882.195300073363,556,304,
URL-012,https://unse.daily.co.kr/?p=horoscope,기타/0102-url.txt,운세·예측,GENERATED,True,3,운세 예측 관련 콘텐츠는 기존 카테고리에 포함되지 않아 새로운 카테고리 생성,SUCCESS,,13476.857800036669,517,703,
URL-013,https://fortune.nate.com/contents/freeunse/freeunseframe.nate?freeUnseId=week02,기타/0103-url.txt,관심·탐색,EXISTING,False,3,"운세 정보는 문화 콘텐츠 및 아이디어 탐색에 해당하며, 기존 '관심·탐색' 카테고리의 범위에 포함됨",SUCCESS,,17373.24530002661,523,889,
URL-014,https://m.fortunade.com/unse/free/star/daily.php?gtype=2,기타/0104-url.txt,관심·탐색,EXISTING,False,3,운세 정보는 문화 콘텐츠 및 개인의 관심사 탐색에 해당하므로 기존 '관심·탐색' 카테고리에 포함됨,SUCCESS,,16076.316500082612,525,823,
URL-015,https://apt2.me/saju/saju.jsp,기타/0105-url.txt,관심·탐색,EXISTING,False,3,"운세 정보는 문화 콘텐츠 및 개인의 관심사에 해당하며, 기존 '관심·탐색' 카테고리와 의미가 일치합니다.",SUCCESS,,18414.071600069292,524,1004,
URL-016,https://kr.vonvon.me/ko/,기타/0106-url.txt,심리·자기 이해,GENERATED,True,3,"MBTI, 궁합, 운세 등 심리적 자가 분석과 관련된 콘텐츠는 기존 카테고리와 차별화되며, 자기 이해에 초점이 맞춰진 새로운 카테고리가 필요함",SUCCESS,,10447.572099976242,500,415,
URL-017,https://test-it.co.kr/,기타/0107-url.txt,학습·성장,EXISTING,False,3,"MBTI, 성격 테스트 등은 자기계발과 성장에 관한 내용으로 학습·성장 카테고리에 해당합니다.",SUCCESS,,13648.22750003077,490,729,
URL-018,https://poomang.com/en-US,기타/0108-url.txt,관심·탐색,EXISTING,False,3,"퀴즈, 심리, 운세 등은 개인의 관심사 탐색과 자기 이해에 해당하며 기존 '관심·탐색' 범주에 포함됨",SUCCESS,,16269.841499975882,511,853,
URL-019,https://temon.kr/,기타/0109-url.txt,학습·성장,EXISTING,False,3,"MBTI 테스트는 자기 이해를 위한 도구로, 자기계발과 성장에 관한 내용에 해당하므로 '학습·성장' 카테고리가 적절함",SUCCESS,,14639.109099982306,518,638,
URL-020,https://answer.moaform.com/answers/EnPBng,기타/0110-url.txt,학습·성장,EXISTING,False,3,성격 유형 테스트는 자기 이해와 성장에 관한 내용으로 '학습·성장' 카테고리에 해당합니다.,SUCCESS,,11510.60709997546,511,538,
URL-021,https://simritest.com/,기타/0111-url.txt,자기 이해·심리,GENERATED,True,3,"심리테스트는 자기 인식과 성격 분석에 해당하며, 기존 카테고리와의 중복 없이 독립적인 분류가 필요함",SUCCESS,,11429.393899976276,507,527,
URL-022,https://www.kcie.or.kr/mobile/guide/3/18/web_view?content_idx=902,돈·재테크/0082-url.txt,금융·투자,GENERATED,True,3,기존 카테고리에 포함되지 않은 금융 투자 관련 콘텐츠로 새로운 카테고리 생성,SUCCESS,,9542.905200039968,547,395,
URL-023,https://finance.greatsisyphus.com/2026/07/etf-investing-for-beginners-easy-start.html,돈·재테크/0083-url.txt,금융·투자,GENERATED,False,3,"ETF 투자 전략, 분산 투자, 리스크 관리 등 금융 투자 관련 내용으로 기존 카테고리와는 다른 주제를 다루고 있어 새로운 카테고리 생성이 필요",SUCCESS,,16264.711600029841,572,788,
URL-024,https://eanews.kr/news/932322,돈·재테크/0084-url.txt,재무·투자,GENERATED,True,3,"기존 카테고리인 생활·관리, 학습·성장, 관심·탐색은 부동산 시장 예측과 투자 전략에 대한 콘텐츠를 포괄하지 않음. 재무·투자라는 새 카테고리로 금융 관련 정보를 통합 관리하기 위해 생성",SUCCESS,,13732.139700092375,544,632,
URL-025,https://weolbu.com/product/5237,돈·재테크/0085-url.txt,재테크·부동산,GENERATED,True,3,재테크 및 부동산 투자 관련 내용은 기존 카테고리와 차별화되며 독립적인 주제로 분류할 필요가 있음,SUCCESS,,11465.27850010898,518,524,
URL-026,https://weolbu.com/community/2613662/,돈·재테크/0086-url.txt,생활·관리,EXISTING,False,3,"주택 구매와 관련된 예산 관리, 대출 전략 등은 일상 생활 유지와 관리의 범주에 해당하며 기존 '생활·관리' 카테고리와 의미가 일치합니다.",SUCCESS,,9889.380499953404,540,384,
URL-027,https://homedubu.com/10754/,돈·재테크/0087-url.txt,주거·재정,GENERATED,True,3,"청약 경쟁률, 일정, 임대청약 등 주택 관련 정책 및 재정 관리 내용으로 기존 카테고리와 차별화된 새로운 분야로 분류됨",SUCCESS,,10233.365399995819,537,460,
URL-028,https://www.gqkorea.co.kr/2026/04/26/,돈·재테크/0088-url.txt,관심·탐색,EXISTING,False,3,"GQ Korea 기사는 문화, 패션, 인물 등 문화 콘텐츠에 해당하며 '관심·탐색' 카테고리의 범위에 포함됨",SUCCESS,,9943.864400032908,532,341,
URL-029,https://www.jobkorea.co.kr/goodjob/tip/view?News_No=11223,돈·재테크/0089-url.txt,생활·관리,EXISTING,False,3,"가계부 작성, 통장 분리 등 일상 생활 유지와 관리에 관한 재테크 팁이 포함되어 있음",SUCCESS,,8047.066699946299,550,289,
URL-030,https://www.cardif.co.kr/life-stage/rich-daily-account-book-tips.do,돈·재테크/0090-url.txt,생활·관리,EXISTING,False,3,가계부 작성법과 재정 관리 내용은 일상 생활 유지와 관리에 해당하는 '생활·관리' 카테고리의 범위입니다.,SUCCESS,,9482.123899972066,523,357,
URL-031,https://info-pickle.co.kr/79,돈·재테크/0091-url.txt,생활·관리,EXISTING,False,3,저축 습관과 재정적 스트레스 관리에 대한 내용은 생활·관리 카테고리의 예산 및 지출 관리 범주에 해당하기 때문,SUCCESS,,8703.42419994995,539,312,
URL-032,https://www.youtube.com/watch?v=8sDiWUV46FI&list=RD8sDiWUV46FI&start_radio=1&t=18s,문화·콘텐츠/0072-url.txt,관심·탐색,EXISTING,False,3,"플레이리스트 소개는 문화 콘텐츠 탐색에 해당하며, 기존 '관심·탐색' 카테고리 범위 내에 포함됨",SUCCESS,,11929.200800019316,548,568,
URL-033,https://kr.trip.com/events/9109368-2026-south-korea-concerts-collection/,문화·콘텐츠/0073-url.txt,관심·탐색,EXISTING,False,3,"콘서트 일정 및 티켓 정보는 문화 콘텐츠 탐색에 해당하며, 기존 '관심·탐색' 카테고리의 범위에 포함됨",SUCCESS,,8209.699700004421,551,307,
URL-034,https://kr.trip.com/events/8867097-2026-concerts-collection/,문화·콘텐츠/0074-url.txt,관심·탐색,EXISTING,False,3,"콘서트 일정, 티켓 정보 등 문화 콘텐츠 탐색에 해당하므로 기존 '관심·탐색' 카테고리가 적절함",SUCCESS,,8553.798799985088,551,332,
URL-035,https://kr.trip.com/moments/theme/poi-sema-seoul-museum-of-art-95224-guides-993135/,문화·콘텐츠/0075-url.txt,관심·탐색,EXISTING,False,3,"제공된 콘텐츠는 서울시립미술관과 주변 박물관 방문을 위한 여행 가이드로, 문화 콘텐츠 탐색에 해당하는 기존 카테고리에 포함됨",SUCCESS,,8113.953699939884,560,324,
URL-036,https://jcks100.com/entry/2025-트로트-콘서트-4월-5월-페스티벌-공연-티켓-예매,문화·콘텐츠/0076-url.txt,관심·탐색,EXISTING,False,3,"트로트 콘서트와 축제는 문화 콘텐츠에 해당하며, 공연 일정 및 티켓 예매 정보는 관심·탐색 카테고리의 범위에 포함됩니다.",SUCCESS,,7693.400999996811,591,284,
URL-037,https://kr.trip.com/moments/theme/poi-sema-seoul-museum-of-art-95224-exhibitions-990362/,문화·콘텐츠/0077-url.txt,관심·탐색,EXISTING,False,3,"미술관 전시회는 문화 콘텐츠 탐색에 해당하며, 기존 '관심·탐색' 카테고리의 범위에 포함됨",SUCCESS,,8558.883699937724,576,258,
URL-038,https://www.marieclairekorea.com/pinpage/2026/01/2026-exhibition/,문화·콘텐츠/0078-url.txt,관심·탐색,EXISTING,False,3,전시 일정 및 문화 콘텐츠 소개는 '관심·탐색' 카테고리의 범위에 해당합니다.,SUCCESS,,7968.984799925238,574,280,
URL-039,https://ddoing.co.kr/ddoing_exhibition_schedule,문화·콘텐츠/0079-url.txt,관심·탐색,EXISTING,False,3,"예술 전시 일정은 문화 콘텐츠에 해당하며, 기존 '관심·탐색' 카테고리의 범위에 포함됩니다.",SUCCESS,,10112.913199933246,512,500,
URL-040,https://ko.wikipedia.org/wiki/2026년_대한민국의_영화_목록,문화·콘텐츠/0080-url.txt,관심·탐색,EXISTING,False,3,"2026년 대한민국 영화 목록은 영화·드라마 등 문화 콘텐츠에 해당하며, 관심·탐색 카테고리의 범위에 포함됩니다.",SUCCESS,,8187.902799923904,548,326,
URL-041,https://www.d-art.co.kr/news/articleView.html?idxno=4764,문화·콘텐츠/0081-url.txt,관심·탐색,EXISTING,False,3,영화 개봉 소식 및 장르별 기대작 소개는 '관심·탐색' 카테고리에 해당하는 문화 콘텐츠 탐색에 포함됨,SUCCESS,,8393.94750003703,548,287,
URL-042,https://bravo.etoday.co.kr/view/atc_view/13057,생활·할 일/0000-url.txt,생활·관리,EXISTING,False,3,"40세 이후 추억과 물건 정리, 일일 한 가지 버리기 등 일상 생활 유지와 관리에 관한 내용으로 기존 '생활·관리' 카테고리와 의미가 일치합니다.",SUCCESS,,9529.224600060843,571,370,
URL-043,https://www.home-learn.co.kr/newsroom/news/A/2069,생활·할 일/0001-url.txt,생활·관리,EXISTING,False,3,정리정돈과 물건 배치 방법은 일상 생활 유지와 관리에 해당하므로 기존 '생활·관리' 카테고리에 포함됨,SUCCESS,,7556.811999995261,533,277,
URL-044,https://www.seouland.com/arti/society/society_general/2749.html,생활·할 일/0002-url.txt,생활·관리,EXISTING,False,3,"집 정리 및 수납 방법은 일상 생활 유지와 관리의 범주에 해당하며, 시간 관리와 분류 기술이 포함된 내용으로 '생활·관리' 카테고리가 적절함",SUCCESS,,8712.58890000172,525,298,
URL-045,https://www.woowarhanclean.com/honeyinfotidy/?bmode=view&idx=7086792,생활·할 일/0003-url.txt,생활·관리,EXISTING,False,3,집 정리와 물건 관리는 일상 생활 유지에 해당하는 내용으로 '생활·관리' 카테고리에 포함됨,SUCCESS,,7967.057100031525,562,298,
URL-046,https://brunch.co.kr/magazine/single-person,생활·할 일/0004-url.txt,생활·관리,EXISTING,False,3,1인 가구의 일상 생활과 삶의 방식은 '생활·관리' 카테고리에서 다루는 일상 유지와 관리의 범위에 포함된다.,SUCCESS,,9848.7094999291,495,424,
URL-047,https://play.google.com/store/apps/details?id=com.lazyheroes.erfe&hl=ko,생활·할 일/0005-url.txt,생활·관리,EXISTING,False,3,"앱의 주요 기능인 재료 관리, 유통기한 체크, 식비 절약은 일상 생활 유지와 관련된 예산 및 지출 관리 범주에 해당하므로 기존 '생활·관리' 카테고리가 적절함",SUCCESS,,9613.733000005595,527,432,
URL-048,https://apps.apple.com/kr/app/id6745560834,생활·할 일/0006-url.txt,앱 정보,GENERATED,True,3,"기존 카테고리와는 차별화된 앱 상세 정보 페이지에 대한 특화된 분류가 필요하며, 문화 콘텐츠 탐색 범주에 포함될 여지가 없음",SUCCESS,,15872.706199996173,508,850,
URL-049,https://brunch.co.kr/@ylangylang/116,생활·할 일/0007-url.txt,생활·관리,EXISTING,False,3,자취생의 일상 생활 유지와 관리에 대한 실용적인 조언을 제공하는 콘텐츠로 '생활·관리' 카테고리와 의미가 일치합니다.,SUCCESS,,8903.943800018169,546,363,
URL-050,https://namu.wiki/w/자취/조언,생활·할 일/0008-url.txt,생활·관리,EXISTING,False,3,"전기·가스 절약, 식비 관리 등 일상 생활 유지와 관리에 관한 콘텐츠로 기존 '생활·관리' 카테고리와 의미가 일치합니다.",SUCCESS,,9062.399699934758,534,366,
URL-051,https://www.threads.com/@prozachi/post/DIuf95oNelD/,생활·할 일/0009-url.txt,생활·관리,EXISTING,False,3,자취생을 위한 실용적인 생활 팁은 일상 유지와 관리에 해당하는 '생활·관리' 카테고리에 속합니다.,SUCCESS,,9135.640499996953,537,308,
URL-052,https://www.apple.com/kr/mac-studio/,쇼핑·제품/0050-url.txt,관심·탐색,EXISTING,False,3,"Mac Studio는 전자제품 중 하나로, 쇼핑 제품 범주에 해당하며 기술 제품의 특징과 활용 가능성을 다루고 있음",SUCCESS,,12082.294099964201,554,561,
URL-053,https://m.compuzone.co.kr/product/product_list.htm?BigDivNo=2&MediumDivNo=1076,쇼핑·제품/0051-url.txt,생활·관리,EXISTING,False,3,"노트북용 가방은 일상 생활에서 사용하는 물품으로, 컴퓨존의 조립PC, 견적 서비스 등은 생활에 필요한 기술 및 서비스에 해당하므로 '생활·관리' 카테고리가 적절함",SUCCESS,,15871.467699995264,552,827,
URL-054,https://m.gsshop.com/search/searchSect.gs?tq=노트북가방&mseq=406355&ab=a,쇼핑·제품/0052-url.txt,관심·탐색,EXISTING,False,3,"노트북 가방 상품 검색 결과는 쇼핑 제품 탐색에 해당하며, 기존 '관심·탐색' 카테고리 범위에 포함됩니다.",SUCCESS,,12146.38950000517,544,589,
URL-055,https://www.coupang.com/np/search?q=노트북가방백팝,쇼핑·제품/0053-url.txt,관심·탐색,EXISTING,False,3,"노트북 가방은 물품 구매와 관련된 콘텐츠로 '관심·탐색' 카테고리에 해당하며, 제품 스타일과 기능 비교 내용이 포함되어 있음",SUCCESS,,9691.050899913535,522,384,
URL-056,https://dorishop.oopy.io/397d87ba-6a5e-4dd3-ba9f-601eed0eef18,쇼핑·제품/0054-url.txt,관심·탐색,EXISTING,False,3,쇼핑 제품 관련 콘텐츠로 기존 '관심·탐색' 카테고리와 의미가 일치합니다.,SUCCESS,,9727.698199916631,582,382,
URL-057,https://shinsegaemall.ssg.com/search.ssg?query=명품노트북가방,쇼핑·제품/0055-url.txt,관심·탐색,EXISTING,False,3,"입력 콘텐츠는 신세계몰에서 명품 노트북 가방을 검색한 결과로, '관심·탐색' 카테고리에 포함되는 쇼핑 제품 관련 내용에 해당합니다.",SUCCESS,,12323.829800006934,519,600,
URL-058,https://chicpap.com/blog/명품-노트북-가방-매일-들-수-있는-5가지-선택지,쇼핑·제품/0056-url.txt,관심·탐색,EXISTING,False,3,"노트북 가방은 쇼핑 제품 범주에 해당하며, 스타일과 실용성을 고려한 선택지 제시로 문화 콘텐츠 탐색에 부합",SUCCESS,,11398.988300003111,587,522,
URL-059,https://www.coupang.com/np/categories/328791,쇼핑·제품/0057-url.txt,관심·탐색,EXISTING,False,3,"입력된 콘텐츠는 쿠팡의 베이비 상품 쇼핑몰로, '관심·탐색' 카테고리에 포함되는 '쇼핑 제품' 범주에 해당하기 때문입니다.",SUCCESS,,10856.404299964197,515,441,
URL-060,https://www.coupang.com/np/search?q=실내텐트,쇼핑·제품/0058-url.txt,관심·탐색,EXISTING,False,3,실내 텐트 관련 쇼핑 제품 검색 결과이므로 '관심·탐색' 카테고리에 해당,SUCCESS,,8806.012299959548,516,329,
URL-061,https://bodyitlove.com/캠핑-텐트/,쇼핑·제품/0059-url.txt,관심·탐색,EXISTING,False,3,캠핑 텐트는 문화 콘텐츠 및 아이디어 탐색에 해당하는 제품 리뷰로 분류됨,SUCCESS,,11956.437399960123,503,550,
URL-062,https://www.youtube.com/watch?v=mJTE8JBOkkw,쇼핑·제품/0060-url.txt,관심·탐색,EXISTING,False,3,"유튜브는 다양한 문화 콘텐츠(영화, 음악, 동영상 등)를 감상하고 공유할 수 있는 플랫폼으로, 관심·탐색 카테고리의 범위에 해당합니다.",SUCCESS,,12117.43420001585,526,585,
URL-063,https://brunch.co.kr/@solobiznight,아이디어·영감/0092-url.txt,사업·창업,GENERATED,True,3,"기존 카테고리와는 차별화된 1인 창업 스토리 집중도를 가진 콘텐츠로, 새로운 카테고리 생성이 필요함",SUCCESS,,9725.131800048985,520,457,
URL-064,https://brunch.co.kr/@solobiznight/33,아이디어·영감/0093-url.txt,학습·성장,EXISTING,False,3,"창업 아이템 탐색은 자기계발과 성장에 필요한 지식 및 전략을 배우는 과정으로, 기존 '학습·성장' 카테고리에 해당합니다.",SUCCESS,,16020.211399998516,533,753,
URL-065,https://www.mobiinside.co.kr/2023/05/03/dana-smartstore-interview/,아이디어·영감/0094-url.txt,관심·탐색,EXISTING,False,3,네이버 스마트스토어 성공 전략과 리뷰 노출 AI 솔루션은 쇼핑 제품 및 서비스 탐색에 해당하는 관심·탐색 카테고리 범위에 포함됩니다.,SUCCESS,,15944.186500040814,566,848,
URL-066,https://www.teamblind.com/kr/post/HHomJcfW,아이디어·영감/0095-url.txt,부업·사업,GENERATED,True,3,기존 카테고리와 차별화된 부업 경험 공유 및 수익성 분석 내용으로 새로운 카테고리 생성,SUCCESS,,27970.997600001283,549,1397,
URL-067,https://bepractice01.com/,아이디어·영감/0096-url.txt,부동산 정책,GENERATED,True,3,기존 카테고리에 해당하지 않는 부동산 관련 규제 및 정책 정보를 담는 새로운 카테고리 생성,SUCCESS,,10513.081899960525,528,501,
URL-068,https://underdogs.co.kr/contents/blogs/집에서-시작할-수-있는-창업-아이디어-20가지/,아이디어·영감/0097-url.txt,창업·사업,GENERATED,True,3,"제공된 콘텐츠는 홈베이스 창업 아이디어를 다루고 있으며, 기존 카테고리인 생활·관리, 학습·성장, 관심·탐색과는 의미가 다르므로 새로운 카테고리로 분류함",SUCCESS,,11199.625700013712,560,389,
URL-069,https://claireclass.com/,아이디어·영감/0098-url.txt,학습·성장,EXISTING,False,3,"보험계리사 1차, 2차 시험 준비 방법과 연봉, 현실 문제 등은 자기계발과 성장에 관한 내용으로 '학습·성장' 카테고리에 해당합니다.",SUCCESS,,10773.387299966998,492,398,
URL-070,https://brunch.co.kr/@e8362cab2f0c484/45,아이디어·영감/0099-url.txt,사업·운영,GENERATED,True,3,"콘텐츠는 스마트스토어 운영 경험과 사입 전략, 매출 성과에 대한 정보를 담고 있어 기존 카테고리와는 다른 사업 운영 분야에 속함",SUCCESS,,14214.532099897042,552,614,
URL-071,https://www.junsungki.com/magazine/post-detail.do?id=2744,아이디어·영감/0100-url.txt,사업·창업,GENERATED,False,3,"기존 카테고리 중 '생활·관리'는 개인 일상 관리에 초점이 맞춰져 있고, '학습·성장'은 자기계발에 한정되어 있어 온라인 창업 관련 콘텐츠에는 부적절함. '관심·탐색'은 문화 콘텐츠에 한정되므로 새로운 '사업·창업' 카테고리를 생성",SUCCESS,,18453.920100000687,544,1069,
URL-072,https://apps.apple.com/kr/app/id1610260075,아이디어·영감/0101-url.txt,관심·탐색,EXISTING,False,3,"앱스토어에서 제공되는 앱의 상세 정보 확인은 문화 콘텐츠 및 아이디어 탐색에 해당하며, 기존 '관심·탐색' 카테고리의 범위에 포함됩니다.",SUCCESS,,12398.17940001376,509,553,
URL-073,https://v.daum.net/v/7RSTWNtnjC,여행·장소/0031-url.txt,관심·탐색,EXISTING,False,3,"여행코스 안내는 문화 콘텐츠 탐색에 해당하며, 기존 '관심·탐색' 카테고리의 범위에 포함됨",SUCCESS,,10328.630800009705,546,321,
URL-074,https://www.yeogi.com/content/dom-ko-busan-hotel-bx2-busan-haeundae-travel-course,여행·장소/0032-url.txt,관심·탐색,EXISTING,False,3,"여행지, 맛집, 카페, 쇼핑 등 문화 콘텐츠 탐색에 해당하는 내용으로 기존 '관심·탐색' 카테고리와 의미가 일치합니다.",SUCCESS,,10311.28180003725,555,350,
URL-075,https://triple.guide/articles/fd0068b5-08c8-4949-8ff4-874233fe2ff5,여행·장소/0033-url.txt,관심·탐색,EXISTING,False,3,"여행지, 맛집, 카페 등 문화 콘텐츠와 관광 명소 탐색 내용으로 기존 '관심·탐색' 카테고리와 의미가 일치함",SUCCESS,,10209.883100003935,594,315,
URL-076,https://studio24.kr/3077,여행·장소/0034-url.txt,관심·탐색,EXISTING,False,3,속초 해변 근처의 감성 카페 추천은 여행지와 문화 콘텐츠 탐색에 해당하므로 기존 '관심·탐색' 카테고리에 포함됨,SUCCESS,,8939.686099998653,540,257,
URL-077,https://uhflat.co.kr/badamaul/?bmode=view&idx=127804469,여행·장소/0035-url.txt,관심·탐색,EXISTING,False,3,"해안가 카페 방문 후기로 여행지, 맛집 등 문화 콘텐츠 탐색에 해당",SUCCESS,,10118.85899992194,590,316,
URL-078,https://kr.trip.com/guide/theme/부산+혼자+여행.html,여행·장소/0036-url.txt,관심·탐색,EXISTING,False,3,"혼자 여행 계획, 일정, 예산, 숙소, 맛집 등 여행 준비와 관련된 내용으로 문화 콘텐츠 탐색에 해당",SUCCESS,,8132.400500006042,525,312,
URL-079,https://kr.trip.com/moments/poi-best-louis-hamilton-hotel-haeundae-21485227,여행·장소/0037-url.txt,관심·탐색,EXISTING,False,3,"호텔 체크인, 관광 명소 탐방 등 여행 경험 공유 내용은 '관심·탐색' 카테고리의 문화 콘텐츠 탐색 범위에 해당합니다.",SUCCESS,,10649.179099942558,580,437,
URL-080,https://news.airbnb.com/ko/2018-coastal-side-listings/,여행·장소/0038-url.txt,관심·탐색,EXISTING,False,3,"해안 마을 여행, 자연, 문화, 맛집 등 문화 콘텐츠 탐색에 해당하므로 기존 '관심·탐색' 카테고리가 적절함",SUCCESS,,9084.154000040144,556,337,
URL-081,https://kr.trip.com/moments/theme/destination-gangwon-state-1185-thorough-guides-993136,여행·장소/0039-url.txt,관심·탐색,EXISTING,False,3,강원도 여행 가이드는 문화 콘텐츠 탐색과 여행지 관련 정보를 제공하므로 기존 '관심·탐색' 카테고리에 해당합니다.,SUCCESS,,9344.365599914454,581,279,
URL-082,https://www.diningcode.com/list.dc?query=전주+콩나물국밥,음식·맛집/0040-url.txt,관심·탐색,EXISTING,False,3,맛집 정보와 방문자 리뷰 등 음식 관련 탐색 내용은 '관심·탐색' 카테고리에 해당합니다.,SUCCESS,,10875.207699951716,532,469,
URL-083,https://korean.visitkorea.or.kr/detail/rem_detail.do?cotid=a2bfb276-ce31-4dd3-8154-4866e408664b,음식·맛집/0041-url.txt,관심·탐색,EXISTING,False,3,"입력된 콘텐츠는 전주 콩나물국밥이라는 맛집 정보로, 문화 콘텐츠 및 음식 탐색에 해당하므로 '관심·탐색' 카테고리에 포함됨",SUCCESS,,12908.472200040706,611,444,
URL-084,https://brunch.co.kr/@bakilhong66uhji/513,음식·맛집/0042-url.txt,관심·탐색,EXISTING,False,3,"데이터는 전주 한옥마을 근처의 맛집 정보를 제공하며, 문화 콘텐츠 탐색에 해당하는 여행지와 맛집 카테고리에 포함된다.",SUCCESS,,8566.028099972755,584,295,
URL-085,https://www.welfarehello.com/community/hometownNews/048b6105-e854-469d-ad91-cbdb86808393,음식·맛집/0043-url.txt,관심·탐색,EXISTING,False,3,음식 관련 정보 및 맛집 추천은 '관심·탐색' 카테고리의 문화 콘텐츠 탐색 범위에 해당하므로 기존 카테고리를 재사용합니다.,SUCCESS,,11948.20320000872,609,490,
URL-086,https://guide.michelin.com/kr/ko/seoul-capital-area/kr-seoul/restaurant/gwanghwamun-gukbap,음식·맛집/0044-url.txt,관심·탐색,EXISTING,False,3,"입력된 콘텐츠는 서울 광화문 지역의 국밥 맛집 정보로, 관심·탐색 카테고리에 해당하는 문화 콘텐츠 및 식당 탐색에 속합니다.",SUCCESS,,13748.241499997675,543,748,
URL-087,https://diningcode.com/list.dc?keyword=20대&query=강남+삼겡살,음식·맛집/0045-url.txt,관심·탐색,EXISTING,False,3,"맛집 추천과 관련된 콘텐츠는 '관심·탐색' 카테고리에 해당하며, 문화 콘텐츠 탐색에 부합합니다.",SUCCESS,,9486.596900038421,539,357,
URL-088,https://www.diningcode.com/list.dc?query=강남구+삼겡살,음식·맛집/0046-url.txt,관심·탐색,EXISTING,False,3,맛집 리뷰와 사진을 포함한 음식 관련 콘텐츠는 문화 콘텐츠 탐색에 해당하므로 '관심·탐색' 카테고리가 적절함,SUCCESS,,11874.122499953955,516,580,
URL-089,https://www.diningcode.com/list.dc?query=강남역+삼겡살,음식·맛집/0047-url.txt,관심·탐색,EXISTING,False,3,"입력된 콘텐츠는 강남역 지역의 삼겹살 맛집 리스트와 리뷰를 제공하는 정보로, 문화 콘텐츠 및 아이디어 탐색에 해당하므로 '관심·탐색' 카테고리에 포함됨",SUCCESS,,9671.334500075318,518,342,
URL-090,https://www.diningcode.com/list.dc?query=강남+삼겡살무한리필,음식·맛집/0048-url.txt,관심·탐색,EXISTING,False,3,"무한리필 맛집 리뷰는 문화 콘텐츠 탐색에 해당하며, 기존 '관심·탐색' 카테고리의 범위에 포함됩니다.",SUCCESS,,9645.077900029719,533,467,
URL-091,https://www.diningcode.com/list.dc?query=강남역+돼지고기+가성비,음식·맛집/0049-url.txt,관심·탐색,EXISTING,False,3,"입력된 콘텐츠는 강남역 주변의 돼지고기 맛집을 탐색하는 데 대한 정보로, 문화 콘텐츠 및 아이디어 탐색에 해당합니다.",SUCCESS,,9490.015399991535,536,412,
URL-092,https://velog.io/@ahn-sujin/React-Query-useInfiniteQuery-사용해서-무한스크롤-구현하기,취업·커리어/0021-url.txt,학습·성장,EXISTING,False,3,"React-Query 사용법 및 무한스크롤 기능 구현에 관한 기술적 학습 내용으로, 개발자로서의 기술 성장에 해당하기 때문",SUCCESS,,14842.055600020103,566,618,
URL-093,https://community.linkareer.com/employment_data/4953814,취업·커리어/0022-url.txt,학습·성장,EXISTING,False,3,"삼성 SSAFY 채용 과정, 인재상, 스펙 등 취업을 위한 학습 자료로 자기계발과 성장에 해당",SUCCESS,,9623.820999986492,540,326,
URL-094,https://www.ssafy.com/ksp/servlet/swp.board.controller.SwpBoardServlet?p_process=select-board-view&p_menu_cd=M0204&p_tabseq=226509&p_seq=80&p_pageno=2,취업·커리어/0023-url.txt,학습·성장,EXISTING,False,3,"입력된 콘텐츠는 SSAFY 취업 후기로, 자기계발과 성장에 관한 내용을 다루고 있어 '학습·성장' 카테고리에 해당",SUCCESS,,8549.64199999813,588,304,
URL-095,https://csr.samsung.com/ko/programViewSSWA.do,취업·커리어/0024-url.txt,학습·성장,EXISTING,False,3,SW·AI 교육과 취업 지원 서비스는 자기계발과 성장에 해당하는 학습·성장 카테고리의 범위에 들어맞습니다.,SUCCESS,,8571.454099961556,558,391,
URL-096,https://csr.samsung.com/ko/newsroom/news/,취업·커리어/0025-url.txt,사회공헌·윤리,GENERATED,True,3,"기존 카테고리와는 차별화된 기업 사회공헌 활동에 대한 정보를 담은 새로운 분야로, CSR 관련 뉴스 및 공지사항을 포괄적으로 정리할 수 있는 적절한 카테고리",SUCCESS,,9220.061699976213,502,381,
URL-097,https://velog.io/@hyeseong-int/알고리즘-스터디-진행방식,취업·커리어/0026-url.txt,학습·성장,EXISTING,False,3,"알고리즘 스터디는 자기계발과 성장에 해당하는 학습 활동으로, 기존 '학습·성장' 카테고리의 범위에 포함됩니다.",SUCCESS,,8490.481000044383,543,375,
URL-098,https://velog.io/@cmh2806/코딩테스트-스타디-1주차-회고,취업·커리어/0027-url.txt,학습·성장,EXISTING,False,3,코딩테스트 관련 학습 활동과 성장 경험을 다루므로 '학습·성장' 카테고리가 적절함,SUCCESS,,9145.868799998425,538,385,
URL-099,https://velog.io/@0715yk/MEMO-알고리즘-잡스-후기,취업·커리어/0028-url.txt,학습·성장,EXISTING,False,3,"알고리즘 학습과 코딩테스트 준비, 교육 시스템에 대한 내용으로 자기계발과 학습 관련 카테고리에 해당",SUCCESS,,13215.658799977973,551,330,
URL-100,https://velog.io/@rimgosu/99클럽-코딩테스트-스터디-4기-후기,취업·커리어/0029-url.txt,학습·성장,EXISTING,False,3,코딩테스트 스터디에 대한 학습 경험과 후기 내용은 '학습·성장' 카테고리의 자기계발과 성장에 관한 내용에 해당합니다.,SUCCESS,,8891.459500067867,560,358,
URL-101,https://velog.io/@jkseo50/Programmers-코딩테스트와-실무-역량-모두-잡는-알고리즘-스터디-후기,취업·커리어/0030-url.txt,학습·성장,EXISTING,False,3,알고리즘 스터디와 실무 역량 개발은 자기계발과 학습 성장에 해당하는 주제로 기존 '학습·성장' 카테고리에 부합함,SUCCESS,,11370.10379997082,574,394,
URL-102,https://www.youtube.com/watch?v=3aNtTUHJeDY,학습·지식/0010-url.txt,생활·관리,EXISTING,False,3,프랑스 생활 팁은 일상 생활 유지와 관리에 관한 내용으로 '생활·관리' 카테고리에 해당,SUCCESS,,9690.078900079243,507,375,
URL-103,https://velog.io/@1w2k/cs-과목-길잡이,학습·지식/0011-url.txt,학습·성장,EXISTING,False,3,"공부와 자기계발에 관한 내용으로, 컴퓨터공학 과목의 강의 및 서적 정보 제공이 학습·성장 카테고리에 해당하기 때문입니다.",SUCCESS,,14228.268300066702,560,406,
URL-104,https://velog.io/@jojehuni_9759/CS-전공지식-정리-네트워크-1-네트워크의-기초,학습·지식/0012-url.txt,학습·성장,EXISTING,False,3,CS 전공자용 학습 자료로 자기계발과 성장에 관한 내용에 해당하여 기존 '학습·성장' 카테고리와 의미가 일치합니다.,SUCCESS,,12940.189699991606,567,352,
URL-105,https://velog.io/@dbwlgns98/네트워크-CS정리1탄,학습·지식/0013-url.txt,학습·성장,EXISTING,False,3,"네트워크 기초 개념 정리는 자기계발과 성장에 관한 학습 자료로, '학습·성장' 카테고리의 범위에 해당합니다.",SUCCESS,,12942.130299983546,524,539,
URL-106,https://velog.io/@dbstjrwnekd/네트워크-정리1,학습·지식/0014-url.txt,학습·성장,EXISTING,False,3,"네트워크 구성 요소, IP 주소, 서브넷 마스크 등 기술적 지식 공유 내용은 자기계발과 학습에 해당하므로 '학습·성장' 카테고리에 포함됨",SUCCESS,,25053.923500003293,553,1384,
URL-107,https://velog.io/@jincode93/CS-네트워크-요약-정리,학습·지식/0015-url.txt,학습·성장,EXISTING,False,3,"네트워크 기초 개념, 프로토콜 작동 방식 등 기술적 지식 습득에 해당하여 자기계발에 속함",SUCCESS,,8488.762900000438,557,376,
URL-108,https://velog.io/@munhyojin7338/신입-백엔드-개발자-기술-면접-질문-정리,학습·지식/0016-url.txt,학습·성장,EXISTING,False,3,기술 면접 질문 정리 내용은 자기계발과 성장에 해당하는 학습·성장 카테고리에 포함됨,SUCCESS,,9316.170700010844,546,277,
URL-109,https://velog.io/@kk1112k/백엔드-개발-기술면접-정리-Java-추가중,학습·지식/0017-url.txt,학습·성장,EXISTING,False,3,기술면접 준비 자료는 자기계발과 성장에 해당하는 학습·성장 카테고리에 속합니다.,SUCCESS,,8911.602899897844,548,305,
URL-110,https://velog.io/@yukina1418/최근-면접을-다니면서-받았던-질문들,학습·지식/0018-url.txt,학습·성장,EXISTING,False,3,"면접 관련 내용은 학습·성장 카테고리의 '채용 공고, 면접' 범주에 해당하며, 취업 준비와 자기계발에 관한 정보로 분류 가능",SUCCESS,,9920.146099990234,577,375,
URL-111,https://velog.io/@namdaeun/요즘-프론트엔드-디자인-패턴-뭐가-정답일까,학습·지식/0019-url.txt,기술·개발,GENERATED,True,3,"기존 카테고리 중 기술적 지식 공유나 개발 관련 콘텐츠를 담당할 수 있는 카테고리가 없어 새로운 '기술·개발' 카테고리를 생성했습니다. 프론트엔드 디자인 패턴은 소프트웨어 개발 분야의 전문 지식으로, 기술적 성장과 직접적인 관련이 있습니다.",SUCCESS,,14360.972700058483,569,641,
URL-112,https://velog.io/@oojoo/백엔드-자기소개서면접-꿀Tip,학습·지식/0020-url.txt,학습·성장,EXISTING,False,3,면접 준비 및 자기소개서 작성은 자기계발과 성장에 관한 내용으로 학습·성장 카테고리에 해당,SUCCESS,,8541.385999997146,553,357,
