inputType,testId,title,sourcePath,expectedCategory,generatedCategory,categoryCorrect,confidence,status,errorType,errorMessage
url,URL-001,https://www.instagram.com/reel/Da443z7pFQr/?igsh=anJpbTZoZGFuNnA1,건강·운동/url/https___www.instagram.com_reel_Da443z7pFQr__igsh=anJpbTZoZGFuNnA1.txt,건강·운동,생활·할 일,False,0.9,SUCCESS,,
url,URL-002,https://www.instagram.com/reel/DaePl8rSnJ0/?igsh=ZmI0ZGM4bnhqdnd1,건강·운동/url/https___www.instagram.com_reel_DaePl8rSnJ0__igsh=ZmI0ZGM4bnhqdnd1.txt,건강·운동,쇼핑·제품,False,0.95,SUCCESS,,
url,URL-003,https://www.instagram.com/reel/Dam0TYJKhg7/?igsh=Y2YzMzRjdjV4dzRp,건강·운동/url/https___www.instagram.com_reel_Dam0TYJKhg7__igsh=Y2YzMzRjdjV4dzRp.txt,건강·운동,생활·할 일,False,0.95,SUCCESS,,
url,URL-004,https://www.instagram.com/reel/Dar1_KmBwHk/?igsh=cTk1OHlodjQ3c2k2,건강·운동/url/https___www.instagram.com_reel_Dar1_KmBwHk__igsh=cTk1OHlodjQ3c2k2.txt,건강·운동,음식·맛집,False,0.95,SUCCESS,,
url,URL-005,https://www.instagram.com/reel/DZTqt4Uhx4s/?igsh=d3AzZXVobWQ5NnRu,건강·운동/url/https___www.instagram.com_reel_DZTqt4Uhx4s__igsh=d3AzZXVobWQ5NnRu.txt,건강·운동,생활·할 일,False,0.95,SUCCESS,,
url,URL-006,https://news.kbs.co.kr/news/pc/main/main.html,기타/url/https___news.kbs.co.kr_news_pc_main_main.html.txt,기타,쇼핑·제품,False,0.5,SUCCESS,,
url,URL-007,https://news.kbs.co.kr/news/pc/view,기타/url/https___news.kbs.co.kr_news_pc_view.txt,기타,쇼핑·제품,False,0.5,SUCCESS,,
url,URL-008,https://www.jeonmae.co.kr/news/articleView.html?idxno=1277183,기타/url/https___www.jeonmae.co.kr_news_articleView.html_idxno=1277183.txt,기타,쇼핑·제품,False,0.9,SUCCESS,,
url,URL-009,https://youtu.be/ADXVtUTgdA4?si=nw60Fg7dymSCu1C2,기타/url/https___youtu.be_ADXVtUTgdA4_si=nw60Fg7dymSCu1C2.txt,기타,문화·콘텐츠,False,0.9,SUCCESS,,
url,URL-010,https://n.news.naver.com/mnews/article/001/0016212899?sid=101,돈·재테크/url/https___n.news.naver.com_mnews_article_001_0016212899_sid=101.txt,돈·재테크,돈·재테크,True,0.95,SUCCESS,,
url,URL-011,https://www.instagram.com/p/Dav8FMmk5iy/?igsh=czk4aWY4cmdqZjBs,돈·재테크/url/https___www.instagram.com_p_Dav8FMmk5iy__igsh=czk4aWY4cmdqZjBs.txt,돈·재테크,생활·할 일,False,0.95,SUCCESS,,
url,URL-012,https://youtu.be/1AFnKX2-rt0?si=ySbLjlVATwHcyGBp,돈·재테크/url/https___youtu.be_1AFnKX2-rt0_si=ySbLjlVATwHcyGBp.txt,돈·재테크,돈·재테크,True,1.0,SUCCESS,,
url,URL-013,https://blog.naver.com/qhrfks1004/224349386864,문화·콘텐츠/url/https___blog.naver.com_qhrfks1004_224349386864.txt,문화·콘텐츠,쇼핑·제품,False,0.8,SUCCESS,,
url,URL-014,https://gall.dcinside.com/board/view/?id=dcbest&no=448144,문화·콘텐츠/url/https___gall.dcinside.com_board_view__id=dcbest&no=448144.txt,문화·콘텐츠,기타,False,0.9999999999999999,SUCCESS,,
url,URL-015,https://www.instagram.com/p/DONUNIgE4GR/?igsh=aDk1MHo4dTUxNnUw,문화·콘텐츠/url/https___www.instagram.com_p_DONUNIgE4GR__igsh=aDk1MHo4dTUxNnUw.txt,문화·콘텐츠,문화·콘텐츠,True,0.95,SUCCESS,,
url,URL-016,https://www.youtube.com/shorts/XlDmdpT0_HY,문화·콘텐츠/url/https___www.youtube.com_shorts_XlDmdpT0_HY.txt,문화·콘텐츠,음악,False,0.9,SUCCESS,,
memo,MEMO-001,기숙사 준비물,생활·할 일/memo/기숙사 준비물.txt,생활·할 일,생활·할 일,True,1.0,SUCCESS,,
url,URL-017,https://youtu.be/0sTWDcz1xaE?si=GNJkXaz9Xr6WA_c4,생활·할 일/url/https___youtu.be_0sTWDcz1xaE_si=GNJkXaz9Xr6WA_c4.txt,생활·할 일,문화·콘텐츠,False,0.9,SUCCESS,,
memo,MEMO-002,장보기 목록 - 쇼핑·제품,쇼핑·제품/memo/장보기 목록 - 쇼핑·제품.txt,쇼핑·제품,쇼핑·제품,True,1.0,SUCCESS,,
url,URL-018,https://blog.naver.com/onedayfoodmall/224342678366,쇼핑·제품/url/https___blog.naver.com_onedayfoodmall_224342678366.txt,쇼핑·제품,쇼핑·제품,True,0.8,SUCCESS,,
url,URL-019,https://smartstore.naver.com/e-sandl/products/273918551,쇼핑·제품/url/https___smartstore.naver.com_e-sandl_products_273918551.txt,쇼핑·제품,쇼핑·제품,True,0.9,SUCCESS,,
url,URL-020,https://www.coupang.com/vp/products/9457512460,쇼핑·제품/url/https___www.coupang.com_vp_products_9457512460.txt,쇼핑·제품,쇼핑·제품,True,0.9,SUCCESS,,
url,URL-021,https://www.instagram.com/p/DXdzEGBGnhg/?igsh=MTRhdjhwZzF5cHc4aQ==,쇼핑·제품/url/https___www.instagram.com_p_DXdzEGBGnhg__igsh=MTRhdjhwZzF5cHc4aQ==.txt,쇼핑·제품,쇼핑·제품,True,0.95,SUCCESS,,
memo,MEMO-003,동준이의 염감 노트 - 아이디어·영감,아이디어·영감/memo/동준이의 염감 노트 - 아이디어·영감.txt,아이디어·영감,아이디어·영감,True,0.95,SUCCESS,,
memo,MEMO-004,동준이의 영감 노트 - 아이디어·영감,아이디어·영감/memo/동준이의 영감 노트 - 아이디어·영감.txt,아이디어·영감,아이디어·영감,True,0.95,SUCCESS,,
memo,MEMO-005,레시피 - 음식·맛집,아이디어·영감/memo/레시피 - 음식·맛집.txt,아이디어·영감,음식·맛집,False,1.0,SUCCESS,,
memo,MEMO-006,텍스트 노트 0817 - 음식·맛집,아이디어·영감/memo/텍스트 노트 0817 - 음식·맛집.txt,아이디어·영감,음식·맛집,False,0.9,SUCCESS,,
url,URL-022,https://cafe.naver.com/canon450dclub/649041,아이디어·영감/url/https___cafe.naver.com_canon450dclub_649041.txt,아이디어·영감,쇼핑·제품,False,0.8,SUCCESS,,
url,URL-023,https://kr.pinterest.com/pin/9288742977535425/,아이디어·영감/url/https___kr.pinterest.com_pin_9288742977535425_.txt,아이디어·영감,쇼핑·제품,False,0.8,SUCCESS,,
url,URL-024,https://youtu.be/pokSYhJ2w4Y?si=hygz_EWccmLDj8iE,아이디어·영감/url/https___youtu.be_pokSYhJ2w4Y_si=hygz_EWccmLDj8iE.txt,아이디어·영감,아이디어·영감,True,1.0,SUCCESS,,
url,URL-025,https://blog.naver.com/bjstour/224344268733,여행·장소/url/https___blog.naver.com_bjstour_224344268733.txt,여행·장소,문화·콘텐츠,False,0.8,SUCCESS,,
url,URL-026,https://www.instagram.com/p/DWpyY9Xjy3D/?igsh=MXgzcm56M2QxZHQybQ==,여행·장소/url/https___www.instagram.com_p_DWpyY9Xjy3D__igsh=MXgzcm56M2QxZHQybQ==.txt,여행·장소,여행·장소,True,0.95,SUCCESS,,
url,URL-027,https://youtu.be/Axghk4p6Qq8?si=t5Kzxk4qG-em98k6,여행·장소/url/https___youtu.be_Axghk4p6Qq8_si=t5Kzxk4qG-em98k6.txt,여행·장소,여행·장소,True,0.9,SUCCESS,,
url,URL-028,https://blog.naver.com/sinjum77/224347923705,음식·맛집/url/https___blog.naver.com_sinjum77_224347923705.txt,음식·맛집,음식·맛집,True,0.9,SUCCESS,,
url,URL-029,https://even-1today.tistory.com/581,음식·맛집/url/https___even-1today.tistory.com_581.txt,음식·맛집,쇼핑·제품,False,0.8,SUCCESS,,
url,URL-030,https://little-cat.tistory.com/entry/수완맛집-베스트-10-순위-추천,음식·맛집/url/https___little-cat.tistory.com_entry_수완맛집-베스트-10-순위-추천.txt,음식·맛집,음식·맛집,True,0.98,SUCCESS,,
url,URL-031,https://little-cat.tistory.com/entry/수완지구-카페-추천-베스트-10-순위,음식·맛집/url/https___little-cat.tistory.com_entry_수완지구-카페-추천-베스트-10-순위.txt,음식·맛집,음식·맛집,True,0.9999999999999999,SUCCESS,,
url,URL-032,https://m.blog.naver.com/ssbarato/222803352685,음식·맛집/url/https___m.blog.naver.com_ssbarato_222803352685.txt,음식·맛집,쇼핑·제품,False,0.8,SUCCESS,,
url,URL-033,https://youtu.be/lOPvMP1H27Y?si=mXV0-dLS9Y70j1iB,음식·맛집/url/https___youtu.be_lOPvMP1H27Y_si=mXV0-dLS9Y70j1iB.txt,음식·맛집,문화·콘텐츠,False,0.9,SUCCESS,,
url,URL-034,https://music.apple.com/us/album/been-by-now/6792676858?i=6792676860,음악/url/https___music.apple.com_us_album_been-by-now_6792676858_i=6792676860.txt,음악,음악,True,1.0,SUCCESS,,
url,URL-035,https://blog.naver.com/rlawkdrn85/224270747417,취업·커리어/url/https___blog.naver.com_rlawkdrn85_224270747417.txt,취업·커리어,쇼핑·제품,False,0.8,SUCCESS,,
url,URL-036,https://www.instagram.com/p/DXUC_5uicRF/?igsh=cGt3NXg4aGkwYno3,취업·커리어/url/https___www.instagram.com_p_DXUC_5uicRF__igsh=cGt3NXg4aGkwYno3.txt,취업·커리어,취업·커리어,True,0.95,SUCCESS,,
url,URL-037,https://dev.tistory.com/368,학습·지식/url/https___dev.tistory.com_368.txt,학습·지식,쇼핑·제품,False,0.5,SUCCESS,,
url,URL-038,https://news.hada.io/topic?id=29408,학습·지식/url/https___news.hada.io_topic_id=29408.txt,학습·지식,학습·지식,True,0.95,SUCCESS,,
url,URL-039,https://velog.io/@hye0n/Redis-공식문서-톺아보기-1.-Redis-개요,학습·지식/url/https___velog.io_@hye0n_Redis-공식문서-톺아보기-1.-Redis-개요.txt,학습·지식,학습·지식,True,0.95,SUCCESS,,
url,URL-040,https://velog.io/@yonghun16/레디스-스트림-Redis-Streams-이란,학습·지식/url/https___velog.io_@yonghun16_레디스-스트림-Redis-Streams-이란.txt,학습·지식,학습·지식,True,0.95,SUCCESS,,
url,URL-041,https://www.instagram.com/reel/DUfrGalkVqz/,학습·지식/url/https___www.instagram.com_reel_DUfrGalkVqz_.txt,학습·지식,학습·지식,True,0.9,SUCCESS,,
url,URL-042,https://www.youtube.com/watch?v=i0NcKL1JLfg,학습·지식/url/https___www.youtube.com_watch_v=i0NcKL1JLfg.txt,학습·지식,학습·지식,True,0.9,SUCCESS,,
url,URL-043,https://www.youtube.com/watch?v=OKjcchoQVRo,학습·지식/url/https___www.youtube.com_watch_v=OKjcchoQVRo.txt,학습·지식,음악,False,0.95,SUCCESS,,
