candidateId,candidateName,status,supportCount,linkedItemIds,linkedGoldGroupIds,purity,createdAtItemId,promotedAtItemId
1,견과류 건강 영향,PENDING,1,EXIST-001,생활·건강,1.0,EXIST-001,
2,React 무한스크롤,PENDING,1,EXIST-006,학습·커리어,1.0,EXIST-006,
3,ETF 투자 전략,PENDING,2,EXIST-015;EXIST-016,소비·금융,1.0,EXIST-015,
4,플레이리스트,PENDING,1,EXIST-019,문화·아이디어,1.0,EXIST-019,
5,코딩 교육 프로그램,PROMOTED,3,NEW3-001;EXIST-007;NEW3-002,NEW_GROUP_3;학습·커리어,0.6667,NEW3-001,NEW3-002
6,여행코스,PENDING,2,EXIST-011;EXIST-012,장소·먹거리,1.0,EXIST-011,
7,공연 티켓 정보,PENDING,2,EXIST-020;EXIST-021,문화·아이디어,1.0,EXIST-020,
8,일본 성씨 통계,PENDING,1,NEW5-002,NEW_GROUP_5,1.0,NEW5-002,
9,신경 이동 운동,PENDING,1,EXIST-003,생활·건강,1.0,EXIST-003,
10,부동산 투자 전략,PENDING,2,EXIST-017;EXIST-018,소비·금융,1.0,EXIST-017,
11,코딩 교육 경험,PENDING,1,NEW3-003,NEW_GROUP_3,1.0,NEW3-003,
12,불면증 치료,PENDING,2,EXIST-004;EXIST-005,생활·건강,1.0,EXIST-004,
13,코딩 취업 프로그램,PENDING,1,EXIST-009,학습·커리어,1.0,EXIST-009,
14,카페 추천,PENDING,2,EXIST-013;EXIST-014,장소·먹거리,1.0,EXIST-013,
15,박물관 탐방 가이드,PENDING,1,EXIST-022,문화·아이디어,1.0,EXIST-022,
16,애니메이션 캐릭터 분석,PENDING,1,NEW5-004,NEW_GROUP_5,1.0,NEW5-004,
