inputType,testId,title,sourcePath,expectedCategory,top1CategoryName,top1Correct,thresholdSelectedCategoryNames,serviceSelectedCategoryNames,serviceExactCorrect,serviceRelaxedCorrect,threshold,fallbackUsed,serviceLimitApplied,status,errorType,errorMessage
url,URL-001,https://kormedi.com/1341895/,건강·운동/0061-url.txt,건강·운동,학습·지식,False,['학습·지식'],['학습·지식'],False,False,0.65,False,False,SUCCESS,,
url,URL-002,https://brunch.co.kr/@tenbody/1122,건강·운동/0062-url.txt,건강·운동,건강·운동,True,['건강·운동'],['건강·운동'],True,True,0.65,False,False,SUCCESS,,
url,URL-003,https://en.wikipedia.org/wiki/Nerve_glide,건강·운동/0063-url.txt,건강·운동,학습·지식,False,['학습·지식'],['학습·지식'],False,False,0.65,False,False,SUCCESS,,
url,URL-004,https://www.emotiv.com/ko/neuroscience/insomnia,건강·운동/0064-url.txt,건강·운동,건강·운동,True,['건강·운동'],['건강·운동'],True,True,0.65,False,False,SUCCESS,,
url,URL-005,https://www.psychiatricnews.net/news/articleView.html?idxno=36398,건강·운동/0065-url.txt,건강·운동,건강·운동,True,['건강·운동'],['건강·운동'],True,True,0.65,False,False,SUCCESS,,
url,URL-006,https://healthlab.ai.kr/수면의-질-높이는-7가지-과학적-방법/,건강·운동/0066-url.txt,건강·운동,건강·운동,True,['건강·운동'],['건강·운동'],True,True,0.65,False,False,SUCCESS,,
url,URL-007,https://yuyuteijin.co.kr/blog/7368ecdf-a987-4315-9e31-e7a3dfe2e6ee/,건강·운동/0067-url.txt,건강·운동,건강·운동,True,['건강·운동'],['건강·운동'],True,True,0.65,False,False,SUCCESS,,
url,URL-008,https://namu.wiki/w/유산소%20운동,건강·운동/0068-url.txt,건강·운동,건강·운동,True,['건강·운동'],['건강·운동'],True,True,0.65,False,False,SUCCESS,,
url,URL-009,https://brunch.co.kr/@tenbody/743,건강·운동/0069-url.txt,건강·운동,건강·운동,True,['건강·운동'],['건강·운동'],True,True,0.65,False,False,SUCCESS,,
url,URL-010,https://www.nhis.or.kr/magazin/168/html/sub7.html,건강·운동/0070-url.txt,건강·운동,건강·운동,True,['건강·운동'],['건강·운동'],True,True,0.65,False,False,SUCCESS,,
url,URL-011,https://news.hidoc.co.kr/news/articleView.html?idxno=44199,건강·운동/0071-url.txt,건강·운동,건강·운동,True,['건강·운동'],['건강·운동'],True,True,0.65,False,False,SUCCESS,,
url,URL-012,https://unse.daily.co.kr/?p=horoscope,기타/0102-url.txt,기타,문화·콘텐츠,False,['문화·콘텐츠'],['문화·콘텐츠'],False,False,0.65,False,False,SUCCESS,,
url,URL-013,https://fortune.nate.com/contents/freeunse/freeunseframe.nate?freeUnseId=week02,기타/0103-url.txt,기타,기타,True,['기타'],['기타'],True,True,0.65,False,False,SUCCESS,,
url,URL-014,https://m.fortunade.com/unse/free/star/daily.php?gtype=2,기타/0104-url.txt,기타,문화·콘텐츠,False,['문화·콘텐츠'],['문화·콘텐츠'],False,False,0.65,False,False,SUCCESS,,
url,URL-015,https://apt2.me/saju/saju.jsp,기타/0105-url.txt,기타,돈·재테크,False,['돈·재테크'],['돈·재테크'],False,False,0.65,False,False,SUCCESS,,
url,URL-016,https://kr.vonvon.me/ko/,기타/0106-url.txt,기타,학습·지식,False,['학습·지식'],['학습·지식'],False,False,0.65,False,False,SUCCESS,,
url,URL-017,https://test-it.co.kr/,기타/0107-url.txt,기타,학습·지식,False,['학습·지식'],['학습·지식'],False,False,0.65,False,False,SUCCESS,,
url,URL-018,https://poomang.com/en-US,기타/0108-url.txt,기타,문화·콘텐츠,False,['문화·콘텐츠'],['문화·콘텐츠'],False,False,0.65,False,False,SUCCESS,,
url,URL-019,https://temon.kr/,기타/0109-url.txt,기타,학습·지식,False,['학습·지식'],['학습·지식'],False,False,0.65,False,False,SUCCESS,,
url,URL-020,https://answer.moaform.com/answers/EnPBng,기타/0110-url.txt,기타,학습·지식,False,['학습·지식'],['학습·지식'],False,False,0.65,False,False,SUCCESS,,
url,URL-021,https://simritest.com/,기타/0111-url.txt,기타,학습·지식,False,['학습·지식'],['학습·지식'],False,False,0.65,False,False,SUCCESS,,
url,URL-022,https://www.kcie.or.kr/mobile/guide/3/18/web_view?content_idx=902,돈·재테크/0082-url.txt,돈·재테크,돈·재테크,True,['돈·재테크'],['돈·재테크'],True,True,0.65,False,False,SUCCESS,,
url,URL-023,https://finance.greatsisyphus.com/2026/07/etf-investing-for-beginners-easy-start.html,돈·재테크/0083-url.txt,돈·재테크,돈·재테크,True,['돈·재테크'],['돈·재테크'],True,True,0.65,False,False,SUCCESS,,
url,URL-024,https://eanews.kr/news/932322,돈·재테크/0084-url.txt,돈·재테크,학습·지식,False,['학습·지식'],['학습·지식'],False,False,0.65,False,False,SUCCESS,,
url,URL-025,https://weolbu.com/product/5237,돈·재테크/0085-url.txt,돈·재테크,학습·지식,False,"['학습·지식', '돈·재테크']","['학습·지식', '돈·재테크']",False,True,0.65,False,False,SUCCESS,,
url,URL-026,https://weolbu.com/community/2613662/,돈·재테크/0086-url.txt,돈·재테크,돈·재테크,True,['돈·재테크'],['돈·재테크'],True,True,0.65,False,False,SUCCESS,,
url,URL-027,https://homedubu.com/10754/,돈·재테크/0087-url.txt,돈·재테크,돈·재테크,True,['돈·재테크'],['돈·재테크'],True,True,0.65,False,False,SUCCESS,,
url,URL-028,https://www.gqkorea.co.kr/2026/04/26/,돈·재테크/0088-url.txt,돈·재테크,문화·콘텐츠,False,['문화·콘텐츠'],['문화·콘텐츠'],False,False,0.65,False,False,SUCCESS,,
url,URL-029,https://www.jobkorea.co.kr/goodjob/tip/view?News_No=11223,돈·재테크/0089-url.txt,돈·재테크,돈·재테크,True,['돈·재테크'],['돈·재테크'],True,True,0.65,False,False,SUCCESS,,
url,URL-030,https://www.cardif.co.kr/life-stage/rich-daily-account-book-tips.do,돈·재테크/0090-url.txt,돈·재테크,돈·재테크,True,['돈·재테크'],['돈·재테크'],True,True,0.65,False,False,SUCCESS,,
url,URL-031,https://info-pickle.co.kr/79,돈·재테크/0091-url.txt,돈·재테크,돈·재테크,True,['돈·재테크'],['돈·재테크'],True,True,0.65,False,False,SUCCESS,,
url,URL-032,https://www.youtube.com/watch?v=8sDiWUV46FI&list=RD8sDiWUV46FI&start_radio=1&t=18s,문화·콘텐츠/0072-url.txt,문화·콘텐츠,기타,False,['기타'],['기타'],False,False,0.65,False,False,SUCCESS,,
url,URL-033,https://kr.trip.com/events/9109368-2026-south-korea-concerts-collection/,문화·콘텐츠/0073-url.txt,문화·콘텐츠,문화·콘텐츠,True,['문화·콘텐츠'],['문화·콘텐츠'],True,True,0.65,False,False,SUCCESS,,
url,URL-034,https://kr.trip.com/events/8867097-2026-concerts-collection/,문화·콘텐츠/0074-url.txt,문화·콘텐츠,문화·콘텐츠,True,['문화·콘텐츠'],['문화·콘텐츠'],True,True,0.65,False,False,SUCCESS,,
url,URL-035,https://kr.trip.com/moments/theme/poi-sema-seoul-museum-of-art-95224-guides-993135/,문화·콘텐츠/0075-url.txt,문화·콘텐츠,여행·장소,False,['여행·장소'],['여행·장소'],False,False,0.65,False,False,SUCCESS,,
url,URL-036,https://jcks100.com/entry/2025-트로트-콘서트-4월-5월-페스티벌-공연-티켓-예매,문화·콘텐츠/0076-url.txt,문화·콘텐츠,문화·콘텐츠,True,['문화·콘텐츠'],['문화·콘텐츠'],True,True,0.65,False,False,SUCCESS,,
url,URL-037,https://kr.trip.com/moments/theme/poi-sema-seoul-museum-of-art-95224-exhibitions-990362/,문화·콘텐츠/0077-url.txt,문화·콘텐츠,문화·콘텐츠,True,['문화·콘텐츠'],['문화·콘텐츠'],True,True,0.65,False,False,SUCCESS,,
url,URL-038,https://www.marieclairekorea.com/pinpage/2026/01/2026-exhibition/,문화·콘텐츠/0078-url.txt,문화·콘텐츠,문화·콘텐츠,True,['문화·콘텐츠'],['문화·콘텐츠'],True,True,0.65,False,False,SUCCESS,,
url,URL-039,https://ddoing.co.kr/ddoing_exhibition_schedule,문화·콘텐츠/0079-url.txt,문화·콘텐츠,문화·콘텐츠,True,['문화·콘텐츠'],['문화·콘텐츠'],True,True,0.65,False,False,SUCCESS,,
url,URL-040,https://ko.wikipedia.org/wiki/2026년_대한민국의_영화_목록,문화·콘텐츠/0080-url.txt,문화·콘텐츠,문화·콘텐츠,True,['문화·콘텐츠'],['문화·콘텐츠'],True,True,0.65,False,False,SUCCESS,,
url,URL-041,https://www.d-art.co.kr/news/articleView.html?idxno=4764,문화·콘텐츠/0081-url.txt,문화·콘텐츠,문화·콘텐츠,True,['문화·콘텐츠'],['문화·콘텐츠'],True,True,0.65,False,False,SUCCESS,,
url,URL-042,https://bravo.etoday.co.kr/view/atc_view/13057,생활·할 일/0000-url.txt,생활·할 일,생활·할 일,True,['생활·할 일'],['생활·할 일'],True,True,0.65,False,False,SUCCESS,,
url,URL-043,https://www.home-learn.co.kr/newsroom/news/A/2069,생활·할 일/0001-url.txt,생활·할 일,생활·할 일,True,['생활·할 일'],['생활·할 일'],True,True,0.65,False,False,SUCCESS,,
url,URL-044,https://www.seouland.com/arti/society/society_general/2749.html,생활·할 일/0002-url.txt,생활·할 일,생활·할 일,True,['생활·할 일'],['생활·할 일'],True,True,0.65,False,False,SUCCESS,,
url,URL-045,https://www.woowarhanclean.com/honeyinfotidy/?bmode=view&idx=7086792,생활·할 일/0003-url.txt,생활·할 일,생활·할 일,True,['생활·할 일'],['생활·할 일'],True,True,0.65,False,False,SUCCESS,,
url,URL-046,https://brunch.co.kr/magazine/single-person,생활·할 일/0004-url.txt,생활·할 일,문화·콘텐츠,False,['문화·콘텐츠'],['문화·콘텐츠'],False,False,0.65,False,False,SUCCESS,,
url,URL-047,https://play.google.com/store/apps/details?id=com.lazyheroes.erfe&hl=ko,생활·할 일/0005-url.txt,생활·할 일,음식·맛집,False,['음식·맛집'],['음식·맛집'],False,False,0.65,False,False,SUCCESS,,
url,URL-048,https://apps.apple.com/kr/app/id6745560834,생활·할 일/0006-url.txt,생활·할 일,기타,False,['기타'],['기타'],False,False,0.65,False,False,SUCCESS,,
url,URL-049,https://brunch.co.kr/@ylangylang/116,생활·할 일/0007-url.txt,생활·할 일,음식·맛집,False,['음식·맛집'],['음식·맛집'],False,False,0.65,False,False,SUCCESS,,
url,URL-050,https://namu.wiki/w/자취/조언,생활·할 일/0008-url.txt,생활·할 일,생활·할 일,True,['생활·할 일'],['생활·할 일'],True,True,0.65,False,False,SUCCESS,,
url,URL-051,https://www.threads.com/@prozachi/post/DIuf95oNelD/,생활·할 일/0009-url.txt,생활·할 일,생활·할 일,True,['생활·할 일'],['생활·할 일'],True,True,0.65,False,False,SUCCESS,,
url,URL-052,https://www.apple.com/kr/mac-studio/,쇼핑·제품/0050-url.txt,쇼핑·제품,쇼핑·제품,True,['쇼핑·제품'],['쇼핑·제품'],True,True,0.65,False,False,SUCCESS,,
url,URL-053,https://m.compuzone.co.kr/product/product_list.htm?BigDivNo=2&MediumDivNo=1076,쇼핑·제품/0051-url.txt,쇼핑·제품,쇼핑·제품,True,['쇼핑·제품'],['쇼핑·제품'],True,True,0.65,False,False,SUCCESS,,
url,URL-054,https://m.gsshop.com/search/searchSect.gs?tq=노트북가방&mseq=406355&ab=a,쇼핑·제품/0052-url.txt,쇼핑·제품,쇼핑·제품,True,['쇼핑·제품'],['쇼핑·제품'],True,True,0.65,False,False,SUCCESS,,
url,URL-055,https://www.coupang.com/np/search?q=노트북가방백팝,쇼핑·제품/0053-url.txt,쇼핑·제품,쇼핑·제품,True,['쇼핑·제품'],['쇼핑·제품'],True,True,0.65,False,False,SUCCESS,,
url,URL-056,https://dorishop.oopy.io/397d87ba-6a5e-4dd3-ba9f-601eed0eef18,쇼핑·제품/0054-url.txt,쇼핑·제품,쇼핑·제품,True,['쇼핑·제품'],['쇼핑·제품'],True,True,0.65,False,False,SUCCESS,,
url,URL-057,https://shinsegaemall.ssg.com/search.ssg?query=명품노트북가방,쇼핑·제품/0055-url.txt,쇼핑·제품,쇼핑·제품,True,['쇼핑·제품'],['쇼핑·제품'],True,True,0.65,False,False,SUCCESS,,
url,URL-058,https://chicpap.com/blog/명품-노트북-가방-매일-들-수-있는-5가지-선택지,쇼핑·제품/0056-url.txt,쇼핑·제품,쇼핑·제품,True,['쇼핑·제품'],['쇼핑·제품'],True,True,0.65,False,False,SUCCESS,,
url,URL-059,https://www.coupang.com/np/categories/328791,쇼핑·제품/0057-url.txt,쇼핑·제품,쇼핑·제품,True,['쇼핑·제품'],['쇼핑·제품'],True,True,0.65,False,False,SUCCESS,,
url,URL-060,https://www.coupang.com/np/search?q=실내텐트,쇼핑·제품/0058-url.txt,쇼핑·제품,쇼핑·제품,True,['쇼핑·제품'],['쇼핑·제품'],True,True,0.65,False,False,SUCCESS,,
url,URL-061,https://bodyitlove.com/캠핑-텐트/,쇼핑·제품/0059-url.txt,쇼핑·제품,쇼핑·제품,True,['쇼핑·제품'],['쇼핑·제품'],True,True,0.65,False,False,SUCCESS,,
url,URL-062,https://www.youtube.com/watch?v=mJTE8JBOkkw,쇼핑·제품/0060-url.txt,쇼핑·제품,,False,[],['기타'],False,False,0.65,True,False,SUCCESS,,
url,URL-063,https://brunch.co.kr/@solobiznight,아이디어·영감/0092-url.txt,아이디어·영감,기타,False,['기타'],['기타'],False,False,0.65,False,False,SUCCESS,,
url,URL-064,https://brunch.co.kr/@solobiznight/33,아이디어·영감/0093-url.txt,아이디어·영감,아이디어·영감,True,['아이디어·영감'],['아이디어·영감'],True,True,0.65,False,False,SUCCESS,,
url,URL-065,https://www.mobiinside.co.kr/2023/05/03/dana-smartstore-interview/,아이디어·영감/0094-url.txt,아이디어·영감,쇼핑·제품,False,['쇼핑·제품'],['쇼핑·제품'],False,False,0.65,False,False,SUCCESS,,
url,URL-066,https://www.teamblind.com/kr/post/HHomJcfW,아이디어·영감/0095-url.txt,아이디어·영감,취업·커리어,False,['취업·커리어'],['취업·커리어'],False,False,0.65,False,False,SUCCESS,,
url,URL-067,https://bepractice01.com/,아이디어·영감/0096-url.txt,아이디어·영감,돈·재테크,False,['돈·재테크'],['돈·재테크'],False,False,0.65,False,False,SUCCESS,,
url,URL-068,https://underdogs.co.kr/contents/blogs/집에서-시작할-수-있는-창업-아이디어-20가지/,아이디어·영감/0097-url.txt,아이디어·영감,아이디어·영감,True,['아이디어·영감'],['아이디어·영감'],True,True,0.65,False,False,SUCCESS,,
url,URL-069,https://claireclass.com/,아이디어·영감/0098-url.txt,아이디어·영감,학습·지식,False,['학습·지식'],['학습·지식'],False,False,0.65,False,False,SUCCESS,,
url,URL-070,https://brunch.co.kr/@e8362cab2f0c484/45,아이디어·영감/0099-url.txt,아이디어·영감,학습·지식,False,['학습·지식'],['학습·지식'],False,False,0.65,False,False,SUCCESS,,
url,URL-071,https://www.junsungki.com/magazine/post-detail.do?id=2744,아이디어·영감/0100-url.txt,아이디어·영감,,False,[],['기타'],False,False,0.65,True,False,SUCCESS,,
url,URL-072,https://apps.apple.com/kr/app/id1610260075,아이디어·영감/0101-url.txt,아이디어·영감,기타,False,['기타'],['기타'],False,False,0.65,False,False,SUCCESS,,
url,URL-073,https://v.daum.net/v/7RSTWNtnjC,여행·장소/0031-url.txt,여행·장소,여행·장소,True,['여행·장소'],['여행·장소'],True,True,0.65,False,False,SUCCESS,,
url,URL-074,https://www.yeogi.com/content/dom-ko-busan-hotel-bx2-busan-haeundae-travel-course,여행·장소/0032-url.txt,여행·장소,여행·장소,True,['여행·장소'],['여행·장소'],True,True,0.65,False,False,SUCCESS,,
url,URL-075,https://triple.guide/articles/fd0068b5-08c8-4949-8ff4-874233fe2ff5,여행·장소/0033-url.txt,여행·장소,여행·장소,True,"['여행·장소', '음식·맛집']","['여행·장소', '음식·맛집']",False,True,0.65,False,False,SUCCESS,,
url,URL-076,https://studio24.kr/3077,여행·장소/0034-url.txt,여행·장소,여행·장소,True,['여행·장소'],['여행·장소'],True,True,0.65,False,False,SUCCESS,,
url,URL-077,https://uhflat.co.kr/badamaul/?bmode=view&idx=127804469,여행·장소/0035-url.txt,여행·장소,음식·맛집,False,['음식·맛집'],['음식·맛집'],False,False,0.65,False,False,SUCCESS,,
url,URL-078,https://kr.trip.com/guide/theme/부산+혼자+여행.html,여행·장소/0036-url.txt,여행·장소,여행·장소,True,['여행·장소'],['여행·장소'],True,True,0.65,False,False,SUCCESS,,
url,URL-079,https://kr.trip.com/moments/poi-best-louis-hamilton-hotel-haeundae-21485227,여행·장소/0037-url.txt,여행·장소,여행·장소,True,['여행·장소'],['여행·장소'],True,True,0.65,False,False,SUCCESS,,
url,URL-080,https://news.airbnb.com/ko/2018-coastal-side-listings/,여행·장소/0038-url.txt,여행·장소,여행·장소,True,['여행·장소'],['여행·장소'],True,True,0.65,False,False,SUCCESS,,
url,URL-081,https://kr.trip.com/moments/theme/destination-gangwon-state-1185-thorough-guides-993136,여행·장소/0039-url.txt,여행·장소,여행·장소,True,['여행·장소'],['여행·장소'],True,True,0.65,False,False,SUCCESS,,
url,URL-082,https://www.diningcode.com/list.dc?query=전주+콩나물국밥,음식·맛집/0040-url.txt,음식·맛집,음식·맛집,True,['음식·맛집'],['음식·맛집'],True,True,0.65,False,False,SUCCESS,,
url,URL-083,https://korean.visitkorea.or.kr/detail/rem_detail.do?cotid=a2bfb276-ce31-4dd3-8154-4866e408664b,음식·맛집/0041-url.txt,음식·맛집,음식·맛집,True,['음식·맛집'],['음식·맛집'],True,True,0.65,False,False,SUCCESS,,
url,URL-084,https://brunch.co.kr/@bakilhong66uhji/513,음식·맛집/0042-url.txt,음식·맛집,음식·맛집,True,['음식·맛집'],['음식·맛집'],True,True,0.65,False,False,SUCCESS,,
url,URL-085,https://www.welfarehello.com/community/hometownNews/048b6105-e854-469d-ad91-cbdb86808393,음식·맛집/0043-url.txt,음식·맛집,음식·맛집,True,['음식·맛집'],['음식·맛집'],True,True,0.65,False,False,SUCCESS,,
url,URL-086,https://guide.michelin.com/kr/ko/seoul-capital-area/kr-seoul/restaurant/gwanghwamun-gukbap,음식·맛집/0044-url.txt,음식·맛집,음식·맛집,True,['음식·맛집'],['음식·맛집'],True,True,0.65,False,False,SUCCESS,,
url,URL-087,https://diningcode.com/list.dc?keyword=20대&query=강남+삼겡살,음식·맛집/0045-url.txt,음식·맛집,음식·맛집,True,['음식·맛집'],['음식·맛집'],True,True,0.65,False,False,SUCCESS,,
url,URL-088,https://www.diningcode.com/list.dc?query=강남구+삼겡살,음식·맛집/0046-url.txt,음식·맛집,음식·맛집,True,['음식·맛집'],['음식·맛집'],True,True,0.65,False,False,SUCCESS,,
url,URL-089,https://www.diningcode.com/list.dc?query=강남역+삼겡살,음식·맛집/0047-url.txt,음식·맛집,음식·맛집,True,['음식·맛집'],['음식·맛집'],True,True,0.65,False,False,SUCCESS,,
url,URL-090,https://www.diningcode.com/list.dc?query=강남+삼겡살무한리필,음식·맛집/0048-url.txt,음식·맛집,음식·맛집,True,['음식·맛집'],['음식·맛집'],True,True,0.65,False,False,SUCCESS,,
url,URL-091,https://www.diningcode.com/list.dc?query=강남역+돼지고기+가성비,음식·맛집/0049-url.txt,음식·맛집,음식·맛집,True,['음식·맛집'],['음식·맛집'],True,True,0.65,False,False,SUCCESS,,
url,URL-092,https://velog.io/@ahn-sujin/React-Query-useInfiniteQuery-사용해서-무한스크롤-구현하기,취업·커리어/0021-url.txt,취업·커리어,학습·지식,False,['학습·지식'],['학습·지식'],False,False,0.65,False,False,SUCCESS,,
url,URL-093,https://community.linkareer.com/employment_data/4953814,취업·커리어/0022-url.txt,취업·커리어,취업·커리어,True,['취업·커리어'],['취업·커리어'],True,True,0.65,False,False,SUCCESS,,
url,URL-094,https://www.ssafy.com/ksp/servlet/swp.board.controller.SwpBoardServlet?p_process=select-board-view&p_menu_cd=M0204&p_tabseq=226509&p_seq=80&p_pageno=2,취업·커리어/0023-url.txt,취업·커리어,취업·커리어,True,['취업·커리어'],['취업·커리어'],True,True,0.65,False,False,SUCCESS,,
url,URL-095,https://csr.samsung.com/ko/programViewSSWA.do,취업·커리어/0024-url.txt,취업·커리어,학습·지식,False,['학습·지식'],['학습·지식'],False,False,0.65,False,False,SUCCESS,,
url,URL-096,https://csr.samsung.com/ko/newsroom/news/,취업·커리어/0025-url.txt,취업·커리어,기타,False,['기타'],['기타'],False,False,0.65,False,False,SUCCESS,,
url,URL-097,https://velog.io/@hyeseong-int/알고리즘-스터디-진행방식,취업·커리어/0026-url.txt,취업·커리어,학습·지식,False,['학습·지식'],['학습·지식'],False,False,0.65,False,False,SUCCESS,,
url,URL-098,https://velog.io/@cmh2806/코딩테스트-스타디-1주차-회고,취업·커리어/0027-url.txt,취업·커리어,학습·지식,False,['학습·지식'],['학습·지식'],False,False,0.65,False,False,SUCCESS,,
url,URL-099,https://velog.io/@0715yk/MEMO-알고리즘-잡스-후기,취업·커리어/0028-url.txt,취업·커리어,학습·지식,False,['학습·지식'],['학습·지식'],False,False,0.65,False,False,SUCCESS,,
url,URL-100,https://velog.io/@rimgosu/99클럽-코딩테스트-스터디-4기-후기,취업·커리어/0029-url.txt,취업·커리어,학습·지식,False,['학습·지식'],['학습·지식'],False,False,0.65,False,False,SUCCESS,,
url,URL-101,https://velog.io/@jkseo50/Programmers-코딩테스트와-실무-역량-모두-잡는-알고리즘-스터디-후기,취업·커리어/0030-url.txt,취업·커리어,학습·지식,False,['학습·지식'],['학습·지식'],False,False,0.65,False,False,SUCCESS,,
url,URL-102,https://www.youtube.com/watch?v=3aNtTUHJeDY,학습·지식/0010-url.txt,학습·지식,학습·지식,True,['학습·지식'],['학습·지식'],True,True,0.65,False,False,SUCCESS,,
url,URL-103,https://velog.io/@1w2k/cs-과목-길잡이,학습·지식/0011-url.txt,학습·지식,학습·지식,True,['학습·지식'],['학습·지식'],True,True,0.65,False,False,SUCCESS,,
url,URL-104,https://velog.io/@jojehuni_9759/CS-전공지식-정리-네트워크-1-네트워크의-기초,학습·지식/0012-url.txt,학습·지식,학습·지식,True,['학습·지식'],['학습·지식'],True,True,0.65,False,False,SUCCESS,,
url,URL-105,https://velog.io/@dbwlgns98/네트워크-CS정리1탄,학습·지식/0013-url.txt,학습·지식,학습·지식,True,['학습·지식'],['학습·지식'],True,True,0.65,False,False,SUCCESS,,
url,URL-106,https://velog.io/@dbstjrwnekd/네트워크-정리1,학습·지식/0014-url.txt,학습·지식,학습·지식,True,['학습·지식'],['학습·지식'],True,True,0.65,False,False,SUCCESS,,
url,URL-107,https://velog.io/@jincode93/CS-네트워크-요약-정리,학습·지식/0015-url.txt,학습·지식,학습·지식,True,['학습·지식'],['학습·지식'],True,True,0.65,False,False,SUCCESS,,
url,URL-108,https://velog.io/@munhyojin7338/신입-백엔드-개발자-기술-면접-질문-정리,학습·지식/0016-url.txt,학습·지식,학습·지식,True,"['학습·지식', '취업·커리어']","['학습·지식', '취업·커리어']",False,True,0.65,False,False,SUCCESS,,
url,URL-109,https://velog.io/@kk1112k/백엔드-개발-기술면접-정리-Java-추가중,학습·지식/0017-url.txt,학습·지식,학습·지식,True,['학습·지식'],['학습·지식'],True,True,0.65,False,False,SUCCESS,,
url,URL-110,https://velog.io/@yukina1418/최근-면접을-다니면서-받았던-질문들,학습·지식/0018-url.txt,학습·지식,취업·커리어,False,['취업·커리어'],['취업·커리어'],False,False,0.65,False,False,SUCCESS,,
url,URL-111,https://velog.io/@namdaeun/요즘-프론트엔드-디자인-패턴-뭐가-정답일까,학습·지식/0019-url.txt,학습·지식,학습·지식,True,['학습·지식'],['학습·지식'],True,True,0.65,False,False,SUCCESS,,
url,URL-112,https://velog.io/@oojoo/백엔드-자기소개서면접-꿀Tip,학습·지식/0020-url.txt,학습·지식,취업·커리어,False,['취업·커리어'],['취업·커리어'],False,False,0.65,False,False,SUCCESS,,
