testId,inputOrder,title,sourcePath,selectionType,generatedCategory,categoryOrigin,isNewCategory,availableCategoryCount,aiReason,status,errorType,latencyMs,inputTokens,outputTokens,estimatedCost
URL-001,1,https://kormedi.com/1341895/,건강·운동/0061-url.txt,SEED_EXISTING,생활·건강,SEED,False,7,요약 내용은 건강 관리와 관련된 식품 섭취 시 주의 사항을 다루고 있어 기존 '생활·건강' 카테고리에 해당,SUCCESS,,9354.119999916293,704,345,
URL-002,2,https://brunch.co.kr/@tenbody/1122,건강·운동/0062-url.txt,SEED_EXISTING,생활·건강,SEED,False,7,"스트레칭은 신체 활동과 건강 관리에 해당하며, 어깨 통증 완화와 유연성 향상은 생활·건강 카테고리의 범위에 포함됩니다.",SUCCESS,,10688.922300003469,709,437,
URL-003,3,https://en.wikipedia.org/wiki/Nerve_glide,건강·운동/0063-url.txt,SEED_EXISTING,생활·건강,SEED,False,7,"신경 이동 운동은 건강 관리와 직접적인 관련이 있으며, 생활·건강 카테고리의 범위에 포함됩니다.",SUCCESS,,11920.026100007817,703,480,
URL-004,4,https://www.emotiv.com/ko/neuroscience/insomnia,건강·운동/0064-url.txt,SEED_EXISTING,생활·건강,SEED,False,7,"불면증은 건강 문제로 분류되며, 생활습관 개선과 같은 일상적인 건강 관리 방법이 포함되어 있음",SUCCESS,,8390.147700090893,731,289,
URL-005,5,https://www.psychiatricnews.net/news/articleView.html?idxno=36398,건강·운동/0065-url.txt,SEED_EXISTING,생활·건강,SEED,False,7,"수면 장애와 관련된 건강 문제를 다루고 있으며, 생활·건강 카테고리의 범위에 포함됨",SUCCESS,,7583.963899989612,732,247,
URL-006,6,https://healthlab.ai.kr/수면의-질-높이는-7가지-과학적-방법/,건강·운동/0066-url.txt,SEED_EXISTING,생활·건강,SEED,False,7,수면 관리와 건강 개선에 관한 내용으로 생활·건강 카테고리의 범위에 해당,SUCCESS,,9638.418100075796,724,367,
URL-007,7,https://yuyuteijin.co.kr/blog/7368ecdf-a987-4315-9e31-e7a3dfe2e6ee/,건강·운동/0067-url.txt,SEED_EXISTING,생활·건강,SEED,False,7,"수면 리듬, 수면 환경, 디지털 디톡스 등 일상적인 건강 관리와 관련된 내용으로 생활·건강 카테고리가 적절함",SUCCESS,,8956.019600038417,793,318,
URL-008,8,https://namu.wiki/w/유산소%20운동,건강·운동/0068-url.txt,SEED_EXISTING,생활·건강,SEED,False,7,유산소 운동은 체력 향상과 건강 관리에 해당하는 생활·건강 카테고리에 속함,SUCCESS,,9552.268599974923,731,387,
URL-009,9,https://brunch.co.kr/@tenbody/743,건강·운동/0069-url.txt,SEED_EXISTING,생활·건강,SEED,False,7,걷기 운동 및 근력 운동 관련 건강 관리 내용으로 생활·건강 카테고리에 해당,SUCCESS,,10483.040699968114,729,337,
URL-010,10,https://www.nhis.or.kr/magazin/168/html/sub7.html,건강·운동/0070-url.txt,SEED_EXISTING,생활·건강,SEED,False,7,"걷기의 건강 효과와 올바른 자세, 방법에 대한 설명은 생활·건강 카테고리의 '운동 계획', '건강 관리' 범주에 해당합니다.",SUCCESS,,8406.654500053264,706,367,
URL-011,11,https://news.hidoc.co.kr/news/articleView.html?idxno=44199,건강·운동/0071-url.txt,SEED_EXISTING,생활·건강,SEED,False,7,"걷기 운동이 심혈관 건강, 체중 관리, 정신 건강에 미치는 영향은 생활·건강 카테고리의 범위인 개인 건강 관리와 직접적으로 관련되어 있음",SUCCESS,,9020.432500052266,735,330,
URL-012,12,https://unse.daily.co.kr/?p=horoscope,기타/0102-url.txt,SEED_EXISTING,문화·아이디어,SEED,False,7,"운세 정보는 문화적 관심사와 영감 기록에 해당하며, 기존 '문화·아이디어' 카테고리의 범위에 포함됩니다.",SUCCESS,,14774.57280003,696,827,
URL-013,13,https://fortune.nate.com/contents/freeunse/freeunseframe.nate?freeUnseId=week02,기타/0103-url.txt,NEW_GENERATED,운세·예측,GENERATED,True,7,기존 카테고리에 해당하지 않으므로 새로운 카테고리로 생성,SUCCESS,,15919.012200087309,702,766,
URL-014,14,https://m.fortunade.com/unse/free/star/daily.php?gtype=2,기타/0104-url.txt,GENERATED_EXISTING,운세·예측,GENERATED,False,8,"입력된 콘텐츠는 별자리, 타로 등 운세 관련 정보를 제공하는 사이트로, '운세·예측' 카테고리의 범위에 해당합니다.",SUCCESS,,13056.945800082758,724,666,
URL-015,15,https://apt2.me/saju/saju.jsp,기타/0105-url.txt,GENERATED_EXISTING,운세·예측,GENERATED,False,8,"입력된 콘텐츠는 띠별 운세와 별자리 운세, 재물운, 건강운, 주식 매수·매도 타이밍 등 다양한 운세 정보를 제공하는 것으로, '운세·예측' 카테고리의 정의와 일치합니다.",SUCCESS,,9476.686299894936,723,456,
URL-016,16,https://kr.vonvon.me/ko/,기타/0106-url.txt,NEW_GENERATED,심리·테스트,GENERATED,True,8,"MBTI, 연애 궁합 등 심리 테스트와 관련된 내용은 기존 카테고리에 포함되지 않아 새로운 카테고리 생성",SUCCESS,,21887.358600040898,699,1410,
URL-017,17,https://test-it.co.kr/,기타/0107-url.txt,GENERATED_EXISTING,심리·테스트,GENERATED,False,9,"MBTI, 성격 테스트 등 인격 분석에 해당하는 콘텐츠로 기존 '심리·테스트' 카테고리와 정확히 일치합니다.",SUCCESS,,7799.376700073481,718,266,
URL-018,18,https://poomang.com/en-US,기타/0108-url.txt,GENERATED_EXISTING,심리·테스트,GENERATED,False,9,"개인성 테스트, 사랑 심리 등 심리적 평가와 분석을 제공하는 콘텐츠로 기존 '심리·테스트' 카테고리와 일치",SUCCESS,,22093.675099895336,739,1128,
URL-019,19,https://temon.kr/,기타/0109-url.txt,GENERATED_EXISTING,심리·테스트,GENERATED,False,9,"MBTI 테스트와 성격/취향 테스트 사이트의 내용은 심리·테스트 카테고리에 해당하며, 기존 생성된 카테고리와 정확히 일치합니다.",SUCCESS,,9566.541000036523,746,355,
URL-020,20,https://answer.moaform.com/answers/EnPBng,기타/0110-url.txt,GENERATED_EXISTING,심리·테스트,GENERATED,False,9,"콘텐츠가 성격 유형 파악을 위한 심리 테스트로, '심리·테스트' 카테고리와 직접적으로 일치합니다.",SUCCESS,,18137.347000068985,739,895,
URL-021,21,https://simritest.com/,기타/0111-url.txt,GENERATED_EXISTING,심리·테스트,GENERATED,False,9,"입력된 콘텐츠가 심리테스트 사이트의 무료 검사 서비스를 설명하고 있으며, 이는 이미 존재하는 '심리·테스트' 카테고리의 범위에 완전히 포함됩니다.",SUCCESS,,10701.476500020362,735,427,
URL-022,22,https://www.kcie.or.kr/mobile/guide/3/18/web_view?content_idx=902,돈·재테크/0082-url.txt,SEED_EXISTING,돈·재테크,SEED,False,9,ETF 투자 방법과 자산 운용 전략은 개인 금융 관리 및 재테크와 직접적으로 관련된 내용으로 기존 '돈·재테크' 카테고리에 해당합니다.,SUCCESS,,9724.278799956664,775,466,
URL-023,23,https://finance.greatsisyphus.com/2026/07/etf-investing-for-beginners-easy-start.html,돈·재테크/0083-url.txt,SEED_EXISTING,돈·재테크,SEED,False,9,"ETF 투자 전략, 분산 투자, 리스크 관리 등은 개인 금융 및 재테크와 직접적으로 관련된 주제로 기존 '돈·재테크' 카테고리에 포함됨",SUCCESS,,12319.587500067428,800,408,
URL-024,24,https://eanews.kr/news/932322,돈·재테크/0084-url.txt,SEED_EXISTING,돈·재테크,SEED,False,9,부동산 시장 예측과 투자 전략은 재테크와 금융 관리 범주에 해당하므로 기존 '돈·재테크' 카테고리가 가장 적절함,SUCCESS,,14398.08549999725,772,814,
URL-025,25,https://weolbu.com/product/5237,돈·재테크/0085-url.txt,SEED_EXISTING,돈·재테크,SEED,False,9,재테크와 부동산 투자 관련 내용으로 '돈·재테크' 카테고리가 가장 적절함,SUCCESS,,8518.168299924582,746,365,
URL-026,26,https://weolbu.com/community/2613662/,돈·재테크/0086-url.txt,SEED_EXISTING,돈·재테크,SEED,False,9,"내집 마련을 위한 예산 관리, 대출 전략 등은 개인 금융 관리의 범주에 해당하며 기존 '돈·재테크' 카테고리와 의미가 일치합니다.",SUCCESS,,9111.97720002383,768,414,
URL-027,27,https://homedubu.com/10754/,돈·재테크/0087-url.txt,NEW_GENERATED,주택·청약,GENERATED,True,9,"기존 카테고리와 달리 주택청약 관련 정보를 집중적으로 다루는 특화된 분야로, 재정 관리와는 차별화되며 독립적인 카테고리가 필요함",SUCCESS,,12480.738900019787,765,544,
URL-028,28,https://www.gqkorea.co.kr/2026/04/26/,돈·재테크/0088-url.txt,SEED_EXISTING,문화·아이디어,SEED,False,10,"GQ Korea 기사는 문화, 패션, 인물 등 창작 아이디어와 영감을 제공하는 콘텐츠를 다루고 있어 '문화·아이디어' 카테고리에 해당",SUCCESS,,7882.15019996278,794,316,
URL-029,29,https://www.jobkorea.co.kr/goodjob/tip/view?News_No=11223,돈·재테크/0089-url.txt,SEED_EXISTING,돈·재테크,SEED,False,10,"가계부 작성, 통장 분리, 예금 적금 등 개인 금융 관리와 관련된 내용으로 '돈·재테크' 카테고리에 해당",SUCCESS,,8709.296899964102,812,335,
URL-030,30,https://www.cardif.co.kr/life-stage/rich-daily-account-book-tips.do,돈·재테크/0090-url.txt,SEED_EXISTING,돈·재테크,SEED,False,10,가계부 작성법과 재정 관리 관련 내용은 '돈·재테크' 카테고리의 예산 관리 및 자산 관리 범위에 해당하므로 기존 카테고리를 사용합니다,SUCCESS,,8888.072400004603,785,358,
URL-031,31,https://info-pickle.co.kr/79,돈·재테크/0091-url.txt,SEED_EXISTING,돈·재테크,SEED,False,10,제공된 콘텐츠는 저축 습관과 재테크 기반 마련에 관한 내용으로 '돈·재테크' 카테고리에 해당합니다.,SUCCESS,,8728.023100062273,801,297,
URL-032,32,https://www.youtube.com/watch?v=8sDiWUV46FI&list=RD8sDiWUV46FI&start_radio=1&t=18s,문화·콘텐츠/0072-url.txt,SEED_EXISTING,문화·아이디어,SEED,False,10,"음악 영상과 플레이리스트 소개는 문화·아이디어 카테고리에 해당하는 콘텐츠로, 기존 카테고리와 의미가 일치합니다.",SUCCESS,,12396.310499985702,810,501,
URL-033,33,https://kr.trip.com/events/9109368-2026-south-korea-concerts-collection/,문화·콘텐츠/0073-url.txt,SEED_EXISTING,여행·장소,SEED,False,10,"콘서트 개최 도시, 날짜, 장소 등은 여행 계획 수립에 필요한 정보로 '여행·장소' 카테고리의 범위에 해당합니다.",SUCCESS,,8308.472999953665,813,355,
URL-034,34,https://kr.trip.com/events/8867097-2026-concerts-collection/,문화·콘텐츠/0074-url.txt,SEED_EXISTING,문화·아이디어,SEED,False,10,"콘서트는 공연 활동에 해당하며, '문화·아이디어' 카테고리의 '공연 감상' 범주에 포함됨",SUCCESS,,17424.069000058807,813,959,
URL-035,35,https://kr.trip.com/moments/theme/poi-sema-seoul-museum-of-art-95224-guides-993135/,문화·콘텐츠/0075-url.txt,SEED_EXISTING,여행·장소,SEED,False,10,"주변 박물관 방문 안내, 교통 정보 등 여행 관련 내용으로 기존 '여행·장소' 카테고리에 해당",SUCCESS,,7282.312500057742,822,266,
URL-036,36,https://jcks100.com/entry/2025-트로트-콘서트-4월-5월-페스티벌-공연-티켓-예매,문화·콘텐츠/0076-url.txt,SEED_EXISTING,여행·장소,SEED,False,10,"공연 일정과 장소, 예매 방법은 여행·장소 카테고리의 '방문할 장소'와 '교통' 범주에 해당하며, 이벤트 기반의 이동 계획에 부합하기 때문",SUCCESS,,11751.996000064537,853,611,
URL-037,37,https://kr.trip.com/moments/theme/poi-sema-seoul-museum-of-art-95224-exhibitions-990362/,문화·콘텐츠/0077-url.txt,SEED_EXISTING,문화·아이디어,SEED,False,10,"전시회 정보는 문화적 활동에 해당하며, '문화·아이디어' 카테고리의 범위에 포함됩니다.",SUCCESS,,12129.294399986975,838,657,
URL-038,38,https://www.marieclairekorea.com/pinpage/2026/01/2026-exhibition/,문화·콘텐츠/0078-url.txt,SEED_EXISTING,문화·아이디어,SEED,False,10,전시 일정 및 다양한 전시 내용은 문화적 행사와 창의적 표현에 해당하므로 '문화·아이디어' 카테고리가 가장 적절합니다.,SUCCESS,,8756.253800005652,836,398,
URL-039,39,https://ddoing.co.kr/ddoing_exhibition_schedule,문화·콘텐츠/0079-url.txt,SEED_EXISTING,문화·아이디어,SEED,False,10,"예술 전시 일정은 문화적 활동에 해당하며, 기존 '문화·아이디어' 카테고리의 범위에 포함됩니다.",SUCCESS,,9698.487099958584,774,344,
URL-040,40,https://ko.wikipedia.org/wiki/2026년_대한민국의_영화_목록,문화·콘텐츠/0080-url.txt,SEED_EXISTING,문화·아이디어,SEED,False,10,"문화·아이디어 카테고리는 영화 감상 및 창작 아이디어를 포함하므로, 영화 목록과 관련 정보는 이 카테고리에 해당합니다.",SUCCESS,,11886.215699953027,810,465,
URL-041,41,https://www.d-art.co.kr/news/articleView.html?idxno=4764,문화·콘텐츠/0081-url.txt,SEED_EXISTING,문화·아이디어,SEED,False,10,콘텐츠가 영화 개봉 소식과 장르별 기대작을 다루고 있어 '문화·아이디어' 카테고리의 범위에 포함됨,SUCCESS,,9895.682199974544,810,396,
URL-042,42,https://bravo.etoday.co.kr/view/atc_view/13057,생활·할 일/0000-url.txt,SEED_EXISTING,생활·건강,SEED,False,10,"의류, 물건, 추억 등 일상 생활에서 발생하는 정리와 정리 방법에 관한 내용으로 '생활·건강' 카테고리의 '정리' 범주에 해당",SUCCESS,,9599.460599943995,833,317,
URL-043,43,https://www.home-learn.co.kr/newsroom/news/A/2069,생활·할 일/0001-url.txt,SEED_EXISTING,생활·건강,SEED,False,10,"정리정돈은 일상 생활에서의 물품 배치와 관리에 해당하며, '생활·건강' 카테고리의 '정리' 범주에 포함됩니다.",SUCCESS,,9270.73340001516,795,385,
URL-044,44,https://www.seouland.com/arti/society/society_general/2749.html,생활·할 일/0002-url.txt,SEED_EXISTING,생활·건강,SEED,False,10,"집 정리 및 수납 전략은 일상 생활에서의 효율성과 정리 관리에 해당하며, '생활·건강' 카테고리의 범위에 포함됩니다.",SUCCESS,,8733.740300056525,787,359,
URL-045,45,https://www.woowarhanclean.com/honeyinfotidy/?bmode=view&idx=7086792,생활·할 일/0003-url.txt,SEED_EXISTING,생활·건강,SEED,False,10,"집 정리, 공간 역할 분배, 불필요 물건 처리 등 일상 생활과 관련된 내용으로 '생활·건강' 카테고리에 해당",SUCCESS,,7843.154900008813,824,329,
URL-046,46,https://brunch.co.kr/magazine/single-person,생활·할 일/0004-url.txt,SEED_EXISTING,생활·건강,SEED,False,10,"1인 가구의 일상과 삶의 방식은 개인 일정, 정리, 행정 처리 등 생활 관련 주제로 분류 가능",SUCCESS,,30242.057999945246,757,1426,
URL-047,47,https://play.google.com/store/apps/details?id=com.lazyheroes.erfe&hl=ko,생활·할 일/0005-url.txt,SEED_EXISTING,음식·맛집,SEED,False,10,"앱의 주요 기능인 재료 활용, 유통기한 관리, 식비 절약은 음식과 관련된 계획 및 관리에 해당하므로 기존 '음식·맛집' 카테고리에 포함됨",SUCCESS,,20863.297499949113,789,1192,
URL-048,48,https://apps.apple.com/kr/app/id6745560834,생활·할 일/0006-url.txt,NEW_GENERATED,앱·서비스,GENERATED,True,10,제공된 콘텐츠는 앱스토어에서 특정 앱의 상세 정보 페이지를 나타내므로 기존 카테고리와 차별화된 독립적인 분류가 필요함,SUCCESS,,18677.274800022133,770,850,
URL-049,49,https://brunch.co.kr/@ylangylang/116,생활·할 일/0007-url.txt,SEED_EXISTING,생활·건강,SEED,False,11,"자취생의 일상 생활 관리와 관련된 실용적인 조언이 포함되어 있으며, '생활·건강' 카테고리의 범위인 일상 행동과 건강 관리에 해당합니다.",SUCCESS,,25132.249900023453,828,1506,
URL-050,50,https://namu.wiki/w/자취/조언,생활·할 일/0008-url.txt,SEED_EXISTING,생활·건강,SEED,False,11,"전기·가스 절약, 식비 관리 등 일상 생활비 절약 방법과 실용 팁은 '생활·건강' 카테고리의 범위에 해당합니다.",SUCCESS,,8577.144399983808,816,327,
URL-051,51,https://www.threads.com/@prozachi/post/DIuf95oNelD/,생활·할 일/0009-url.txt,SEED_EXISTING,생활·건강,SEED,False,11,자취생의 일상 생활 관리와 효율적인 생활 방식에 대한 조언이 포함되어 있어 '생활·건강' 카테고리에 해당,SUCCESS,,8130.241799983196,819,319,
URL-052,52,https://www.apple.com/kr/mac-studio/,쇼핑·제품/0050-url.txt,SEED_EXISTING,쇼핑·제품,SEED,False,11,"Mac Studio는 제품 소개 및 비교에 해당하며, 기능, 성능, 디자인 등 구매 결정에 필요한 정보를 포함하고 있어 '쇼핑·제품' 카테고리에 적합함",SUCCESS,,8380.742100067437,836,364,
URL-053,53,https://m.compuzone.co.kr/product/product_list.htm?BigDivNo=2&MediumDivNo=1076,쇼핑·제품/0051-url.txt,SEED_EXISTING,쇼핑·제품,SEED,False,11,"노트북용 가방 추천과 함께 제공되는 조립PC, 견적 서비스, 배송 혜택 등은 제품 구매와 관련된 내용으로 '쇼핑·제품' 카테고리에 해당합니다.",SUCCESS,,10414.137699990533,834,371,
URL-054,54,https://m.gsshop.com/search/searchSect.gs?tq=노트북가방&mseq=406355&ab=a,쇼핑·제품/0052-url.txt,SEED_EXISTING,쇼핑·제품,SEED,False,11,"노트북가방 제품 검색 결과는 상품 비교, 기능 검토, 구매 의사결정과 직접적으로 관련된 콘텐츠로 '쇼핑·제품' 카테고리에 해당합니다.",SUCCESS,,8909.0757999802,826,405,
URL-055,55,https://www.coupang.com/np/search?q=노트북가방백팝,쇼핑·제품/0053-url.txt,SEED_EXISTING,쇼핑·제품,SEED,False,11,쿠팡에서 노트북 가방을 검색하고 다양한 스타일과 기능을 비교하는 내용은 '쇼핑·제품' 카테고리의 범위에 해당합니다.,SUCCESS,,7583.998000016436,804,276,
URL-056,56,https://dorishop.oopy.io/397d87ba-6a5e-4dd3-ba9f-601eed0eef18,쇼핑·제품/0054-url.txt,SEED_EXISTING,쇼핑·제품,SEED,False,11,"콘텐츠는 노트북 가방 제품의 판매량, 가성비, 리뷰 기반 비교 분석을 통해 구매 결정에 도움을 주는 쇼핑 관련 정보로 분류됨",SUCCESS,,8774.44219996687,864,376,
URL-057,57,https://shinsegaemall.ssg.com/search.ssg?query=명품노트북가방,쇼핑·제품/0055-url.txt,SEED_EXISTING,쇼핑·제품,SEED,False,11,"명품 노트북 가방에 대한 검색 결과는 제품 비교, 가격 분석, 구매 의사결정과 관련된 콘텐츠로 '쇼핑·제품' 카테고리에 해당합니다.",SUCCESS,,7588.5562999174,801,266,
URL-058,58,https://chicpap.com/blog/명품-노트북-가방-매일-들-수-있는-5가지-선택지,쇼핑·제품/0056-url.txt,SEED_EXISTING,쇼핑·제품,SEED,False,11,명품 노트북 가방의 브랜드별 실용성과 스타일 비교는 제품 선택 시 고려해야 할 구매 요소에 해당하므로 '쇼핑·제품' 카테고리에 속합니다.,SUCCESS,,7976.820500101894,869,327,
URL-059,59,https://www.coupang.com/np/categories/328791,쇼핑·제품/0057-url.txt,SEED_EXISTING,쇼핑·제품,SEED,False,11,쿠팡 베이비 상품 카테고리 페이지는 제품 구매 관련 정보를 제공하며 '쇼핑·제품' 카테고리의 정의와 일치합니다.,SUCCESS,,14376.792900031433,797,331,
URL-060,60,https://www.coupang.com/np/search?q=실내텐트,쇼핑·제품/0058-url.txt,SEED_EXISTING,쇼핑·제품,SEED,False,11,"쿠팡에서 실내용 텐트 제품 검색 결과로, 제품 비교와 구매 의사결정에 해당하는 콘텐츠",SUCCESS,,11548.130200011656,798,285,
URL-061,61,https://bodyitlove.com/캠핑-텐트/,쇼핑·제품/0059-url.txt,SEED_EXISTING,쇼핑·제품,SEED,False,11,"콘텐츠가 캠핑 텐트 제품의 종류, 선택 방법, 추천 제품 비교 리뷰를 다루고 있어 '쇼핑·제품' 카테고리에 해당합니다.",SUCCESS,,9390.229300013743,785,409,
URL-062,62,https://www.youtube.com/watch?v=mJTE8JBOkkw,쇼핑·제품/0060-url.txt,GENERATED_EXISTING,앱·서비스,GENERATED,False,11,입력된 콘텐츠는 유튜브라는 앱/서비스의 기능과 사용법을 설명하고 있어 '앱·서비스' 카테고리에 해당,SUCCESS,,14739.639399922453,808,744,
URL-063,63,https://brunch.co.kr/@solobiznight,아이디어·영감/0092-url.txt,NEW_GENERATED,창업·사업,GENERATED,True,11,"외부 투자 없이 성공한 온라인 1인 창업 사례를 다루는 내용은 기존 카테고리와 차별화되며, 창업 및 사업 운영에 대한 정보를 중심으로 구성됨",SUCCESS,,11063.974100048654,802,555,
URL-064,64,https://brunch.co.kr/@solobiznight/33,아이디어·영감/0093-url.txt,GENERATED_EXISTING,창업·사업,GENERATED,False,12,"1인 창업 스토리와 비즈니스 관련 경험 공유 콘텐츠로, 창업 아이템 탐색 방법에 대한 정보를 담고 있어 해당 카테고리에 가장 적합함",SUCCESS,,12981.488599907607,851,708,
URL-065,65,https://www.mobiinside.co.kr/2023/05/03/dana-smartstore-interview/,아이디어·영감/0094-url.txt,GENERATED_EXISTING,창업·사업,GENERATED,False,12,"콘텐츠는 쇼핑몰 창업 경험과 네이버 스마트스토어 성공 전략, 리뷰 노출 AI 솔루션 등 사업 운영에 관한 내용으로 기존 카테고리와 차별화된 창업·사업 분야에 해당",SUCCESS,,16235.869499971159,884,955,
URL-066,66,https://www.teamblind.com/kr/post/HHomJcfW,아이디어·영감/0095-url.txt,GENERATED_EXISTING,창업·사업,GENERATED,False,12,"부업 경험 공유 및 수익성 분석 내용은 창업·사업 카테고리에 해당하며, 기존 카테고리와 중복되지 않아 AI 생성 카테고리로 분류됨",SUCCESS,,22162.019399926066,867,1359,
URL-067,67,https://bepractice01.com/,아이디어·영감/0096-url.txt,GENERATED_EXISTING,주택·청약,GENERATED,False,12,"입력 콘텐츠는 2025년 주택 관련 대책 요약으로, 주택청약 정책과 규제 변경 사항을 다루고 있어 기존 '주택·청약' 카테고리에 해당",SUCCESS,,8105.7546000229195,846,301,
URL-068,68,https://underdogs.co.kr/contents/blogs/집에서-시작할-수-있는-창업-아이디어-20가지/,아이디어·영감/0097-url.txt,GENERATED_EXISTING,창업·사업,GENERATED,False,12,"콘텐츠가 1인 창업 스토리와 비즈니스 아이디어 공유에 해당하며, 기존 '창업·사업' 카테고리의 정의와 일치합니다.",SUCCESS,,9004.696300020441,878,321,
URL-069,69,https://claireclass.com/,아이디어·영감/0098-url.txt,SEED_EXISTING,학습·커리어,SEED,False,12,시험 공부와 직업 관련 내용을 포함하고 있어 '학습·커리어' 카테고리에 해당,SUCCESS,,7648.789600003511,810,256,
URL-070,70,https://brunch.co.kr/@e8362cab2f0c484/45,아이디어·영감/0099-url.txt,GENERATED_EXISTING,창업·사업,GENERATED,False,12,"스마트스토어 운영 경험, 사입 전략, 매출 성과 등 창업 및 사업 운영 관련 내용으로 창업·사업 카테고리에 해당",SUCCESS,,15725.222899927758,870,723,
URL-071,71,https://www.junsungki.com/magazine/post-detail.do?id=2744,아이디어·영감/0100-url.txt,GENERATED_EXISTING,창업·사업,GENERATED,False,12,네이버 스마트스토어 운영자의 수익성과 노동량 균형에 대한 고찰은 1인 창업 스토리와 사업 운영 경험에 해당하므로 '창업·사업' 카테고리에 속함,SUCCESS,,9791.439999942668,862,455,
URL-072,72,https://apps.apple.com/kr/app/id1610260075,아이디어·영감/0101-url.txt,GENERATED_EXISTING,앱·서비스,GENERATED,False,12,"입력 콘텐츠는 앱스토어에서 제공되는 앱의 상세 정보 확인과 관련되어 있으며, '앱·서비스' 카테고리가 해당 내용을 포괄합니다.",SUCCESS,,7636.827799957246,827,293,
URL-073,73,https://v.daum.net/v/7RSTWNtnjC,여행·장소/0031-url.txt,SEED_EXISTING,여행·장소,SEED,False,12,"요약 내용에 명확히 여행 일정과 방문할 장소, 맛집 정보가 포함되어 있어 '여행·장소' 카테고리에 해당",SUCCESS,,9329.47829994373,864,378,
URL-074,74,https://www.yeogi.com/content/dom-ko-busan-hotel-bx2-busan-haeundae-travel-course,여행·장소/0032-url.txt,SEED_EXISTING,여행·장소,SEED,False,12,"2박 3일 여행 코스에 포함된 숙박지, 식당, 카페, 쇼핑 장소 등 지역 탐방 관련 내용으로 '여행·장소' 카테고리가 가장 적합함",SUCCESS,,10066.585600026883,873,414,
URL-075,75,https://triple.guide/articles/fd0068b5-08c8-4949-8ff4-874233fe2ff5,여행·장소/0033-url.txt,SEED_EXISTING,여행·장소,SEED,False,12,"제공된 콘텐츠는 부산 여행 일정과 방문 장소, 맛집, 사진 명소 등 여행 계획서에 해당하며 '여행·장소' 카테고리의 범위에 포함됩니다.",SUCCESS,,9516.63239998743,912,357,
URL-076,76,https://studio24.kr/3077,여행·장소/0034-url.txt,SEED_EXISTING,음식·맛집,SEED,False,12,"카페, 디저트, 인테리어, 오션뷰 등 식당 및 음식 관련 정보로 기존 '음식·맛집' 카테고리에 해당",SUCCESS,,9144.592300057411,858,379,
URL-077,77,https://uhflat.co.kr/badamaul/?bmode=view&idx=127804469,여행·장소/0035-url.txt,SEED_EXISTING,음식·맛집,SEED,False,12,"콘텐츠가 바다뷰 카페의 인테리어, 음료 및 디저트 경험, 포토존 등 식당 방문 후기로 분류되며 '음식·맛집' 카테고리의 범위에 해당합니다.",SUCCESS,,10678.265299997292,908,489,
URL-078,78,https://kr.trip.com/guide/theme/부산+혼자+여행.html,여행·장소/0036-url.txt,SEED_EXISTING,여행·장소,SEED,False,12,"혼자 여행 계획 수립과 관련된 일정, 예산, 숙소, 맛집 등 여행 준비 내용이 '여행·장소' 카테고리 범위에 해당하기 때문",SUCCESS,,10714.966500061564,843,524,
URL-079,79,https://kr.trip.com/moments/poi-best-louis-hamilton-hotel-haeundae-21485227,여행·장소/0037-url.txt,SEED_EXISTING,여행·장소,SEED,False,12,"호텔 체크인, 식사, 관광 명소 탐방, 호캉스 등 여행 일정과 숙소 관련 내용이 포함되어 있어 '여행·장소' 카테고리에 해당",SUCCESS,,8562.933899927884,898,320,
URL-080,80,https://news.airbnb.com/ko/2018-coastal-side-listings/,여행·장소/0038-url.txt,SEED_EXISTING,여행·장소,SEED,False,12,"해당 콘텐츠는 강원도 해안 마을 여행 일정과 숙소 추천에 관한 것으로, '여행·장소' 카테고리의 범위인 지역 탐방과 숙소 정보 제공에 해당합니다.",SUCCESS,,10079.697300097905,874,417,
URL-081,81,https://kr.trip.com/moments/theme/destination-gangwon-state-1185-thorough-guides-993136,여행·장소/0039-url.txt,SEED_EXISTING,여행·장소,SEED,False,12,"입력된 콘텐츠는 강원도 여행 관련 실시간 후기, 명소 추천, 숙소 및 교통 정보를 담은 가이드로 '여행·장소' 카테고리의 범위에 완전히 포함됨",SUCCESS,,8923.054000013508,899,381,
URL-082,82,https://www.diningcode.com/list.dc?query=전주+콩나물국밥,음식·맛집/0040-url.txt,SEED_EXISTING,음식·맛집,SEED,False,12,"제공된 콘텐츠는 식당 정보와 방문자 리뷰, 사진 등을 포함한 맛집 관련 내용으로 '음식·맛집' 카테고리에 해당합니다.",SUCCESS,,9155.783099937253,850,361,
URL-083,83,https://korean.visitkorea.or.kr/detail/rem_detail.do?cotid=a2bfb276-ce31-4dd3-8154-4866e408664b,음식·맛집/0041-url.txt,SEED_EXISTING,음식·맛집,SEED,False,12,"제공된 콘텐츠는 전주 콩나물국밥의 재료와 맛에 대한 설명으로, 음식과 맛집에 관한 정보를 포함하고 있어 '음식·맛집' 카테고리에 해당합니다.",SUCCESS,,7785.0776999257505,929,279,
URL-084,84,https://brunch.co.kr/@bakilhong66uhji/513,음식·맛집/0042-url.txt,SEED_EXISTING,음식·맛집,SEED,False,12,"제공된 콘텐츠는 특정 음식점에 대한 소개로, 음식·맛집 카테고리의 범위인 식당 정보와 맛집 방문 내용에 해당하기 때문입니다.",SUCCESS,,8784.880099934526,902,291,
URL-085,85,https://www.welfarehello.com/community/hometownNews/048b6105-e854-469d-ad91-cbdb86808393,음식·맛집/0043-url.txt,SEED_EXISTING,음식·맛집,SEED,False,12,"콘텐츠가 전주 현지 추천 맛집과 콩나물국밥 조리법에 관한 것으로, '음식·맛집' 카테고리의 범위에 해당합니다.",SUCCESS,,9019.06299998518,927,395,
URL-086,86,https://guide.michelin.com/kr/ko/seoul-capital-area/kr-seoul/restaurant/gwanghwamun-gukbap,음식·맛집/0044-url.txt,SEED_EXISTING,음식·맛집,SEED,False,12,"입력된 콘텐츠는 서울 광화문 지역의 국밥 맛집 소개로, 음식과 관련된 식당, 메뉴 정보를 제공하는 '음식·맛집' 카테고리에 해당합니다.",SUCCESS,,9266.327399993315,861,370,
URL-087,87,https://diningcode.com/list.dc?keyword=20대&query=강남+삼겡살,음식·맛집/0045-url.txt,SEED_EXISTING,음식·맛집,SEED,False,12,"제공된 콘텐츠는 강남 지역의 20대를 위한 식당 정보와 방문자 리뷰, 사진 등을 포함하며 '음식·맛집' 카테고리에 해당합니다.",SUCCESS,,10211.400100030005,857,324,
URL-088,88,https://www.diningcode.com/list.dc?query=강남구+삼겡살,음식·맛집/0046-url.txt,SEED_EXISTING,음식·맛집,SEED,False,12,"입력된 콘텐츠는 강남구의 맛집 순위, 리뷰, 사진 등 식당 관련 정보를 제공하는 것으로 음식·맛집 카테고리에 해당합니다.",SUCCESS,,7214.582599932328,834,244,
URL-089,89,https://www.diningcode.com/list.dc?query=강남역+삼겡살,음식·맛집/0047-url.txt,SEED_EXISTING,음식·맛집,SEED,False,12,"제공된 콘텐츠는 식당 검색 및 리뷰 정보를 포함하며, '음식·맛집' 카테고리의 정의인 '식당, 메뉴, 맛집 방문과 식사 계획'에 명확히 해당합니다.",SUCCESS,,7708.594599971548,836,316,
URL-090,90,https://www.diningcode.com/list.dc?query=강남+삼겡살무한리필,음식·맛집/0048-url.txt,SEED_EXISTING,음식·맛집,SEED,False,12,"무한리필 맛집 관련 정보는 음식·맛집 카테고리의 '식당, 메뉴, 맛집 방문' 범위에 해당합니다.",SUCCESS,,8930.541500099935,851,384,
URL-091,91,https://www.diningcode.com/list.dc?query=강남역+돼지고기+가성비,음식·맛집/0049-url.txt,SEED_EXISTING,음식·맛집,SEED,False,12,"제공된 콘텐츠는 식당 정보, 리뷰, 메뉴 등 음식과 관련된 내용으로 '음식·맛집' 카테고리에 해당합니다.",SUCCESS,,7410.031099920161,854,269,
URL-092,92,https://velog.io/@ahn-sujin/React-Query-useInfiniteQuery-사용해서-무한스크롤-구현하기,취업·커리어/0021-url.txt,SEED_EXISTING,학습·커리어,SEED,False,12,"기술 구현 관련 콘텐츠로, 프로그래밍 기술 습득과 개발 실무 경험 공유에 해당하기 때문",SUCCESS,,8838.308599893935,884,367,
URL-093,93,https://community.linkareer.com/employment_data/4953814,취업·커리어/0022-url.txt,SEED_EXISTING,학습·커리어,SEED,False,12,"삼성 SSAFY 합격 후기 및 코딩 테스트 준비 방법은 채용 공고와 면접 대비에 해당하며, 학습·커리어 카테고리의 범위에 포함됩니다.",SUCCESS,,14109.349200036377,858,466,
URL-094,94,https://www.ssafy.com/ksp/servlet/swp.board.controller.SwpBoardServlet?p_process=select-board-view&p_menu_cd=M0204&p_tabseq=226509&p_seq=80&p_pageno=2,취업·커리어/0023-url.txt,SEED_EXISTING,학습·커리어,SEED,False,12,"채용 공고, 면접 경험 등 직업 관련 내용이 포함되어 기존 '학습·커리어' 카테고리에 해당",SUCCESS,,7888.9836999587715,906,302,
URL-095,95,https://csr.samsung.com/ko/programViewSSWA.do,취업·커리어/0024-url.txt,SEED_EXISTING,학습·커리어,SEED,False,12,청년들을 위한 SW·AI 교육과 취업 지원 서비스 제공이라는 학습 및 커리어 개발에 관한 내용이므로 '학습·커리어' 카테고리가 가장 적절함,SUCCESS,,9855.07160006091,876,386,
URL-096,96,https://csr.samsung.com/ko/newsroom/news/,취업·커리어/0025-url.txt,NEW_GENERATED,사회공헌·csr,GENERATED,True,12,기존 카테고리와는 차별화되며 사회공헌 활동에 직접적으로 관련된 내용을 담고 있어 새로운 카테고리 생성이 필요함,SUCCESS,,10868.920700042509,820,537,
URL-097,97,https://velog.io/@hyeseong-int/알고리즘-스터디-진행방식,취업·커리어/0026-url.txt,SEED_EXISTING,학습·커리어,SEED,False,13,알고리즘 스터디는 기술 학습과 커리어 개발에 해당하는 내용으로 '학습·커리어' 카테고리에 포함됨,SUCCESS,,8359.21889997553,903,328,
URL-098,98,https://velog.io/@cmh2806/코딩테스트-스타디-1주차-회고,취업·커리어/0027-url.txt,SEED_EXISTING,학습·커리어,SEED,False,13,코딩테스트 스타디 1주차 회고는 프로그래밍 학습 및 기술 연습에 관한 경험 공유로 학습·커리어 카테고리에 해당,SUCCESS,,8824.508500052616,898,317,
URL-099,99,https://velog.io/@0715yk/MEMO-알고리즘-잡스-후기,취업·커리어/0028-url.txt,SEED_EXISTING,학습·커리어,SEED,False,13,비전공자 개발자의 알고리즘 학습 경험과 코딩테스트 준비 과정은 기술 습득과 경력 개발에 해당하는 '학습·커리어' 범주에 적합합니다.,SUCCESS,,11053.705699974671,911,466,
URL-100,100,https://velog.io/@rimgosu/99클럽-코딩테스트-스터디-4기-후기,취업·커리어/0029-url.txt,SEED_EXISTING,학습·커리어,SEED,False,13,"코딩테스트 준비와 관련된 학습 경험 공유 내용으로 '학습·커리어' 카테고리의 범위에 해당하며, 시험 공부에 대한 피드백이 포함되어 있음",SUCCESS,,13897.635400062427,920,612,
URL-101,101,https://velog.io/@jkseo50/Programmers-코딩테스트와-실무-역량-모두-잡는-알고리즘-스터디-후기,취업·커리어/0030-url.txt,SEED_EXISTING,학습·커리어,SEED,False,13,"코딩테스트 준비와 실무 역량 개발을 위한 알고리즘 스터디 후기로, 학습 및 커리어 성장 관련 콘텐츠에 해당",SUCCESS,,8878.799099940807,934,309,
URL-102,102,https://www.youtube.com/watch?v=3aNtTUHJeDY,학습·지식/0010-url.txt,SEED_EXISTING,생활·건강,SEED,False,13,프랑스 생활 팁은 일상생활과 관련된 내용으로 '생활·건강' 카테고리에 해당합니다.,SUCCESS,,14996.392900007777,867,678,
URL-103,103,https://velog.io/@1w2k/cs-과목-길잡이,학습·지식/0011-url.txt,SEED_EXISTING,학습·커리어,SEED,False,13,"과목별 학습 자료와 강의 정보는 '학습·커리어' 카테고리에 해당하며, IT 관련 기술 구현과 개념 정리에 부합하기 때문",SUCCESS,,11208.922899910249,920,324,
URL-104,104,https://velog.io/@jojehuni_9759/CS-전공지식-정리-네트워크-1-네트워크의-기초,학습·지식/0012-url.txt,SEED_EXISTING,학습·커리어,SEED,False,13,CS 전공 지식 정리 및 핵심 개념 체계화 내용은 '학습·커리어' 카테고리의 '개념 정리' 범주에 해당합니다.,SUCCESS,,10105.55810004007,927,388,
URL-105,105,https://velog.io/@dbwlgns98/네트워크-CS정리1탄,학습·지식/0013-url.txt,SEED_EXISTING,학습·커리어,SEED,False,13,"네트워크 기초 개념 정리 글은 학습·커리어 카테고리에 해당하는 시험 공부, 개념 정리 관련 콘텐츠로 분류됨",SUCCESS,,8565.897800028324,884,305,
URL-106,106,https://velog.io/@dbstjrwnekd/네트워크-정리1,학습·지식/0014-url.txt,SEED_EXISTING,학습·커리어,SEED,False,13,"네트워크 기본 구성 요소와 IP 주소, 서브넷 마스크에 대한 설명은 기술적 지식 습득에 해당하며 '학습·커리어' 카테고리의 '기술 구현' 및 'IT 참고 자료' 범주에 포함됨",SUCCESS,,10135.074299992993,913,425,
URL-107,107,https://velog.io/@jincode93/CS-네트워크-요약-정리,학습·지식/0015-url.txt,SEED_EXISTING,학습·커리어,SEED,False,13,"OSI 7계층, TCP/IP 4계층, TCP/UDP 프로토콜, HTTP 상태 코드 등 IT 기술 관련 개념 정리 내용으로 학습·커리어 카테고리가 가장 적절함",SUCCESS,,9570.130600011908,917,333,
URL-108,108,https://velog.io/@munhyojin7338/신입-백엔드-개발자-기술-면접-질문-정리,학습·지식/0016-url.txt,SEED_EXISTING,학습·커리어,SEED,False,13,"기술 면접 준비는 경력 개발의 일부로, 학습·커리어 카테고리에 해당",SUCCESS,,11887.095699901693,906,392,
URL-109,109,https://velog.io/@kk1112k/백엔드-개발-기술면접-정리-Java-추가중,학습·지식/0017-url.txt,SEED_EXISTING,학습·커리어,SEED,False,13,"기술면접 준비 자료로 OOP 개념, 데이터 구조 비교 등 개발 기술 습득에 관한 콘텐츠",SUCCESS,,8506.036900100298,908,290,
URL-110,110,https://velog.io/@yukina1418/최근-면접을-다니면서-받았던-질문들,학습·지식/0018-url.txt,SEED_EXISTING,학습·커리어,SEED,False,13,"면접 관련 내용은 '학습·커리어' 카테고리의 '채용 공고, 면접' 범주에 해당하며, 경력 개발에 관한 정보로 분류 가능",SUCCESS,,10433.894000016153,937,381,
URL-111,111,https://velog.io/@namdaeun/요즘-프론트엔드-디자인-패턴-뭐가-정답일까,학습·지식/0019-url.txt,SEED_EXISTING,학습·커리어,SEED,False,13,디자인 패턴에 대한 이해와 적용 방법은 프론트엔드 개발자의 기술 역량 향상과 관련된 학습·커리어 콘텐츠로 분류 가능,SUCCESS,,11492.539300001226,929,420,
URL-112,112,https://velog.io/@oojoo/백엔드-자기소개서면접-꿀Tip,학습·지식/0020-url.txt,SEED_EXISTING,학습·커리어,SEED,False,13,"자기소개서와 면접 준비 팁, 코딩 테스트 전략은 학습 및 경력 개발에 관한 내용으로 '학습·커리어' 카테고리에 해당",SUCCESS,,8960.337699973024,913,359,
